District,Site,Site_EQRiskLevel,BuildingArea_HasRetrofit
Aberdeen,A.J. West Elementary School,Very High,No
Aberdeen,Central Park Elementary School,Very High,No
Aberdeen,Hopkins Building (Harbor High School),Very High,No
Aberdeen,J. M. Weatherwax High School,,No
Aberdeen,McDermoth Elementary School,,Yes
Aberdeen,Miller Junior High School,,No
Aberdeen,Robert Gray Elementary School,,No
Aberdeen,Stevens Elementary School,Very High,No
Adna,Adna Elementary School,,No
Adna,Adna Middle High School,,No
Almira,Almira Elementary School,,No
Anacortes,Anacortes High School,,No
Anacortes,Anacortes Middle School,,No
Anacortes,Fidalgo Elementary School,,No
Anacortes,Island View Elementary School,,No
Anacortes,Mount Erie Elementary School,,No
Anacortes,Whitney Early Childhood Education Center,,No
Arlington,Arlington High School,,No
Arlington,Eagle Creek Elementary School,High,No
Arlington,Haller Middle School,Very High,No
Arlington,Kent Prairie Elementary School,Low,No
Arlington,Pioneer Elementary School,,No
Arlington,Post Middle School,High,No
Arlington,Presidents Elementary School,,No
Arlington,Trafton Elementary School,,No
Asotin-Anatone,Asotin K-12,,No
Auburn,Alpac Elementary School,,No
Auburn,Arthur Jacobsen Elementary School,,No
Auburn,Auburn High School,,No
Auburn,Auburn Mountainview High School,,No
Auburn,Auburn Riverside High School,,No
Auburn,Bowman Creek Elementary ,,No
Auburn,Cascade Middle School,,No
Auburn,Chinook Elementary School,,No
Auburn,Dick Scobee Elementary ,,No
Auburn,Evergreen Heights Elementary School,,No
Auburn,Gildo Rey Elementary School,,No
Auburn,Hazelwood Elementary School,,No
Auburn,Ilalko Elementary School,,No
Auburn,Lake View Elementary School,,No
Auburn,Lakeland Hills Elementary School,,No
Auburn,Lea Hill Elementary School,,No
Auburn,Mt Baker Middle School,,No
Auburn,Olympic Middle School ,,No
Auburn,Pioneer Elementary School (old),,No
Auburn,Rainier Middle School,,No
Auburn,Terminal Park Elementary School,,No
Auburn,Washington Elementary School,,No
Auburn,West Auburn Senior High School,,No
Bainbridge Island,Bainbridge High School,,No
Bainbridge Island,Captain Charles Wilkes Elementary School,,No
Bainbridge Island,Captain Johnston Blakely Elementary School,,No
Bainbridge Island,Commodore Options School,,No
Bainbridge Island,Ordway Elementary School,,No
Bainbridge Island,Sakai Intermediate School,,No
Bainbridge Island,Woodward Middle School,,No
Battle Ground,Amboy Middle School,,No
Battle Ground,Battle Ground High School,,No
Battle Ground,Captain Strong Primary School,,No
Battle Ground,CASEE School,,No
Battle Ground,Chief Umtuch Middle School,,No
Battle Ground,Daybreak Primary & Middle Schools,,No
Battle Ground,Glenwood Heights Primary School,,No
Battle Ground,Laurin Middle School,,No
Battle Ground,Maple Grove K-8,Moderate,No
Battle Ground,Pleasant Valley Primary & Middle Schools,,No
Battle Ground,Prairie High School,,No
Battle Ground,River Homelink,,No
Battle Ground,Summit View High School,,No
Battle Ground,Tukes Valley Primary & Middle Schools,,No
Battle Ground,Yacolt Primary School,,No
Bellevue,Ardmore Elementary School,,No
Bellevue,Bellevue High School,,No
Bellevue,Bellewood Elementary - Temp Clyde Hill,,No
Bellevue,Bennett Elementary School,,No
Bellevue,Big Picture School (Former Robinswood MS),,No
Bellevue,Cherry Crest Elementary School,,No
Bellevue,Chinook Middle School,,No
Bellevue,Clyde Hill Elementary School,,No
Bellevue,Eastgate Elementary School,,No
Bellevue,Enatai Elementary School - New,,No
Bellevue,Highland Middle School,,No
Bellevue,Interlake Senior High School,,No
Bellevue,International School at Former Hyak MS,,No
Bellevue,Jing Mei ES - Former Newport Hts ES,,No
Bellevue,Lake Hills Elementary School,,No
Bellevue,Medina Elementary School,,No
Bellevue,New Newport Heights Elementary School,,No
Bellevue,Newport Senior High School,,No
Bellevue,Odle Middle School - New,,No
Bellevue,Phantom Lake Elementary School,,No
Bellevue,Ringdall Middle School - Former Highland Temp Site,,No
Bellevue,Sammamish Senior High School,,No
Bellevue,Sherwood Forest Elementary School,,No
Bellevue,Somerset Elementary School,,No
Bellevue,Spiritridge Elementary School,,No
Bellevue,Stevenson Elementary School,,No
Bellevue,Sunset Elementary (Puesta del Sol),,No
Bellevue,Three Points Elementary - Leased,,No
Bellevue,Tillicum Middle School,,No
Bellevue,Tyee Middle School,,No
Bellevue,Wilburton Elementary,,No
Bellevue,Woodridge Elementary School,,No
Bellingham,Alderwood Elementary School,,No
Bellingham,Bellingham Family Partnership Program at Larrabee,,No
Bellingham,Bellingham High School,,No
Bellingham,Birchwood Elementary School,,No
Bellingham,Carl Cozier Elementary School,,No
Bellingham,Columbia Elementary School,,No
Bellingham,Cordata Elementary School,,No
Bellingham,Fairhaven Middle School,,No
Bellingham,Geneva Elementary School,,No
Bellingham,Happy Valley Elementary School ,,No
Bellingham,Kulshan Middle School,,No
Bellingham,Lowell Elementary School,,No
Bellingham,Northern Heights Elementary School,,No
Bellingham,Options High School,,No
Bellingham,Parkview Elementary School,,No
Bellingham,Roosevelt Elementary School,,No
Bellingham,Sehome High School ,,No
Bellingham,Shuksan Middle School,,No
Bellingham,Silver Beach Elementary School,,No
Bellingham,Squalicum High School,,No
Bellingham,Sunnyland Elementary School,,No
Bellingham,Wade King Elementary School,,No
Bellingham,Whatcom Middle School,,No
Benge,Benge Elementary School,,No
Bethel,Bethel High School,,No
Bethel,Bethel Middle School,,No
Bethel,Camas Prairie Elementary School,Moderate,No
Bethel,Cedarcrest Middle School,,No
Bethel,Centennial Elementary School,,No
Bethel,Clover Creek Elementary School,,No
Bethel,Cougar Mountain Middle School,,No
Bethel,Elk Plain School of Choice,,No
Bethel,Evergreen Elementary School,,No
Bethel,Frederickson Elementary School,,No
Bethel,Frontier Middle School,,No
Bethel,Graham Elementary School,,No
Bethel,Graham-Kapowsin High School,,No
Bethel,Kapowsin Elementary School,,No
Bethel,Liberty Middle School,,No
Bethel,Naches Trail Elementary School,,No
Bethel,Nelson Elementary School,,No
Bethel,North Star Elementary School,,No
Bethel,Pioneer Valley Elementary School,,No
Bethel,Rocky Ridge Elementary School,,No
Bethel,Roy Elementary School,,No
Bethel,Shining Mountain Elementary School,,No
Bethel,Spanaway Elementary School,,No
Bethel,Spanaway Lake High School,,No
Bethel,Spanaway Middle School,,No
Bethel,Thompson Elementary School,,No
Bickleton,Bickleton Elementary and High School,,No
Blaine,Blaine Elementary School,Very High,No
Blaine,Blaine High School,Very High,No
Blaine,Blaine High School,Very High,Yes
Blaine,Blaine Middle School,Very High,No
Blaine,Blaine Middle School,Very High,Yes
Blaine,Blaine Primary School,Low,No
Blaine,Point Roberts Primary School,Low,No
Boistfort,Boistfort Elementary,Very High,No
Bremerton,Armin Jahr Elementary School,,No
Bremerton,Bremerton High School,,No
Bremerton,Crownhill Elementary School,,No
Bremerton,Kitsap Lake Elementary School,,No
Bremerton,Mountain View Middle School,,No
Bremerton,Naval Avenue Early Learning Center,,No
Bremerton,Renaissance Alternative High School,,No
Bremerton,View Ridge Elementary Arts Academy,,No
Bremerton,West Hills S.T.E.M. Academy,,No
Brewster,Brewster Elementary School,,No
Brewster,Brewster Jr / Sr High School,High,No
Bridgeport,Bridgeport Elementary School,,No
Bridgeport,Bridgeport High School,,No
Bridgeport,Bridgeport Middle School,,No
Brinnon,Brinnon Elementary School,,No
Burlington-Edison,Allen Elementary School,,No
Burlington-Edison,Bay View Elementary School,,No
Burlington-Edison,Burlington-Edison High School,Very High,No
Burlington-Edison,Edison Elementary School,,No
Burlington-Edison,Lucille Umbarger Elementary School,,No
Burlington-Edison,West View Elementary School,,No
Camas,Camas High School,,No
Camas,Discovery High School,,No
Camas,Dorothy Fox Elementary School,,No
Camas,Grass Valley Elementary School,,No
Camas,Hayes Freedom High School,,No
Camas,Helen Baller Elementary School,,No
Camas,Lacamas Heights Elementary School,,No
Camas,Lacamas Lake Elementary School,,No
Camas,Liberty Middle School,,No
Camas,Odyssey Middle School,,No
Camas,Prune Hill Elementary School,,No
Camas,Skyridge Middle School,,No
Camas,Woodburn Elementary School,,No
Cape Flattery,Clallam Bay High and Elementary School,Very High,No
Cape Flattery,Neah Bay Elementary School,Very High,No
Cape Flattery,Neah Bay Junior/ Senior High School,Very High,No
Carbonado,Carbonado Historical School 19,Very High,No
Carbonado,Carbonado Historical School 19,Very High,Yes
Cascade,Alpine Lakes Elementary School (new),,No
Cascade,Beaver Valley School,,No
Cascade,Cascade High School,,No
Cascade,Icicle River Middle School,,No
Cascade,Peshastin-Dryden Elementary School,,No
Cashmere,Cashmere High School,,No
Cashmere,Cashmere Middle School,,No
Cashmere,Vale Elementary School,,No
Castle Rock,Castle Rock Elementary School,,No
Castle Rock,Castle Rock High School,,No
Castle Rock,Castle Rock Middle School,,No
Centerville,Centerville Elementary School,,No
Central Kitsap,Bremerton Center,Moderate,No
Central Kitsap,Brownsville Elementary,Very High,No
Central Kitsap,Central Kitsap High-Middle,,No
Central Kitsap,Clear Creek Elementary School,Very High,No
Central Kitsap,Cottonwood Elementary School,Very High,No
Central Kitsap,Cougar Valley Elementary,High,No
Central Kitsap,Emerald Heights Elementary,Moderate,No
Central Kitsap,Esquire Hills Elementary,High,No
Central Kitsap,Fairview Middle School,Very High,No
Central Kitsap,Green Mountain Elementary,High,No
Central Kitsap,Jenne Wright Administration,Very High,No
Central Kitsap,"John D. ""Bud"" Hawk Elementary at Jackson Park",Low,No
Central Kitsap,Klahowya Secondary,,No
Central Kitsap,Olympic High School,,No
Central Kitsap,Pinecrest Elementary,Moderate,No
Central Kitsap,Ridgetop Middle School,High,No
Central Kitsap,Silver Ridge Elementary,Low,No
Central Kitsap,Silverdale Elementary,Moderate,No
Central Kitsap,Woodlands Elementary,High,No
Central Valley,Adams Elementary School,Low,No
Central Valley,Bowdish Middle School,Low,No
Central Valley,Broadway Elementary School,Low,No
Central Valley,Central Valley High School,Low,No
Central Valley,Central Valley Kindergarten Center,Moderate,No
Central Valley,Chester Elementary School,Moderate,No
Central Valley,Evergreen Middle School,Low,No
Central Valley,Greenacres Elementary School,Low,No
Central Valley,Greenacres Middle School,Low,No
Central Valley,Horizon Middle School,Low,No
Central Valley,Liberty Creek Elementary School,Low,No
Central Valley,Liberty Lake Elementary School,Low,No
Central Valley,McDonald Elementary School,Low,No
Central Valley,Mica Peak High School/Early Learning Center,Low,No
Central Valley,North Pines Middle School (new),Low,No
Central Valley,Opportunity Elementary School,Low,No
Central Valley,Ponderosa Elementary School (new),Low,No
Central Valley,Progress Elementary School,Moderate,No
Central Valley,Ridgeline High ,Low,No
Central Valley,Riverbend Elementary School,Low,No
Central Valley,Selkirk Middle ,Low,No
Central Valley,South Pines Elementary School,Low,No
Central Valley,Summit School,,No
Central Valley,Sunrise Elementary School,Low,No
Central Valley,University Elementary School,Low,No
Central Valley,University High School,Low,No
Centralia,Centralia High School,,No
Centralia,Centralia Middle School,,No
Centralia,Edison Elementary School,,No
Centralia,Fords Prairie Elementary School,,No
Centralia,Jefferson Lincoln Elementary School,,No
Centralia,Oakview Elementary School,,No
Centralia,Washington Elementary School,,No
Chehalis,Cascade Elementary School,,No
Chehalis,Chehalis Middle School,,No
Chehalis,James W. Lintott Elementary School,,Yes
Chehalis,Olympic Elementary School,Very High,No
Chehalis,Orin C. Smith Elementary School,,No
Chehalis,R.E. Bennett Elementary School,Very High,No
Chehalis,W. F. West High School,Very High,No
Cheney,Betz Elementary School,,No
Cheney,Cheney High School,,No
Cheney,Cheney Middle School,,No
Cheney,Salnave Elementary School,,No
Cheney,Snowdon Elementary School,,No
Cheney,Sunset Elementary School,,No
Cheney,Three Springs High School,,No
Cheney,Westwood Middle School,,No
Cheney,Windsor Elementary,,No
Chewelah,Gess Elementary School,,No
Chewelah,Jenkins Senior High School,,No
Chief Leschi,Chief Leschi Schools Pre-K-12,,No
Chimacum,Chimacum Creek Primary School,,No
Chimacum,Chimacum Elementary School,,No
Chimacum,Chimacum High School,,No
Chimacum,Chimacum Middle School,Very High,No
Clarkston,Charles Francis Adams High School,,No
Clarkston,Educational Opportunity Center,,No
Clarkston,Grantham Elementary School,,No
Clarkston,Heights Elementary School,,No
Clarkston,Highland Elementary School,,No
Clarkston,Lincoln Middle School,,No
Clarkston,Parkway Elementary School,,No
Cle Elum-Roslyn,Cle Elum Roslyn Elementary / Middle school,Moderate,No
Cle Elum-Roslyn,Cle Elum Roslyn High School,,No
Cle Elum-Roslyn,Swiftwater Alternative High School,Low,No
Clover Park,Beachwood Elementary School,,No
Clover Park,Carter Lake Elementary School,,No
Clover Park,Clover Park Early Learning Program,,No
Clover Park,Clover Park High School,,No
Clover Park,Custer Elementary School,,No
Clover Park,Dower Elementary School,,No
Clover Park,Evergreen Elementary,,No
Clover Park,Four Heroes / Harrison Prep School,,No
Clover Park,Hillside Elementary School,,No
Clover Park,Hudtloff Middle School,,No
Clover Park,Idlewild Elementary School,,No
Clover Park,Lake Louise Elementary School,,No
Clover Park,Lakes High School,,No
Clover Park,Lakeview Elementary School,,No
Clover Park,Lochburn Middle School,,No
Clover Park,Meriwether Elementary,,No
Clover Park,Oakbrook Elementary School,Very High,No
Clover Park,Park Lodge Elementary School,,No
Clover Park,Rainier Elementary,,No
Clover Park,Thomas Middle School,,No
Clover Park,Tillicum Elementary School,,No
Clover Park,Tyee Park Elementary School,,No
Clover Park,Woodbrook Middle School,,No
Colfax,Colfax High School,,No
Colfax,Leonard M Jennings Elementary School,,No
College Place,College Place High and John Sager Middle School,,No
College Place,Davis Elementary,,No
Colton,Colton School,,No
Columbia (Stevens),Columbia High And Elementary School,,No
Columbia (Walla Walla),Columbia Elementary School,Moderate,No
Columbia (Walla Walla),Columbia High School,,No
Columbia (Walla Walla),Columbia Middle School,Moderate,No
Colville,Colville Junior High School,Low,No
Colville,Colville Senior High School,,No
Colville,Fort Colville Elementary School,Low,No
Colville,Hofstetter Elementary School,Low,No
Concrete,Concrete High School,Low,No
Concrete,Concrete K-6 School,Low,No
Conway,Conway School,,Yes
Cosmopolis,Cosmopolis Elementary School,Very High,No
Coulee-Hartline,Almira Coulee Hartline High School,,No
Coulee-Hartline,Coulee City Elementary School,,No
Coupeville,Coupeville Elementary School,Very High,No
Coupeville,Coupeville High School,Very High,No
Coupeville,Coupeville Middle School,Low,No
Crescent,Crescent School,,No
Creston,Creston Junior Senior High School,,No
Curlew,Curlew Elementary and High School,,No
Cusick,Bess Herian Elementary School,,No
Cusick,Cusick Junior Senior High School,,No
Damman,Damman Elementary School,,No
Darrington,Darrington Elementary School,,No
Darrington,Darrington Senior High School,,No
Davenport,Davenport Elementary & Middle School,,No
Davenport,Davenport Senior High School,Low,No
Dayton,Dayton High School,Moderate,No
Dayton,Dayton K-8 School,Low,No
Deer Park,Arcadia Elementary School,,No
Deer Park,Clayton Home Link,,No
Deer Park,Deer Park Elementary School,,No
Deer Park,Deer Park High School,,No
Deer Park,Deer Park Middle School,,No
Dieringer,Dieringer Heights Elementary School,,No
Dieringer,Lake Tapps Elementary School,,No
Dieringer,North Tapps Middle School,,No
Dixie,Dixie Elementary School,Moderate,No
East Valley (Spokane),Continuous Curriculum School,Low,No
East Valley (Spokane),East Farms Elementary School,Low,No
East Valley (Spokane),East Valley High School,,No
East Valley (Spokane),East Valley Middle School,Low,No
East Valley (Spokane),"INTEC, EVSD Admin. Offices & Parent Partnership",Low,No
East Valley (Spokane),Mountain View Middle School,,No
East Valley (Spokane),Otis Orchards Elementary School,Low,No
East Valley (Spokane),Trent Elementary School,,No
East Valley (Spokane),Trentwood Elementary School,Low,No
East Valley (Yakima),East Valley Central Middle School,Moderate,No
East Valley (Yakima),East Valley Elementary School,Low,No
East Valley (Yakima),East Valley High School,,No
East Valley (Yakima),Moxee Elementary School,Low,No
East Valley (Yakima),Terrace Heights Elementary School,Low,No
Eastmont,Cascade Elementary School,High,No
Eastmont,Clovis Point Elementary School,Low,No
Eastmont,Eastmont Junior High School,Low,No
Eastmont,Eastmont Senior High School,,No
Eastmont,Grant Elementary School,Moderate,No
Eastmont,Kenroy Elementary School,Low,No
Eastmont,Lee Elementary School,High,No
Eastmont,Rock Island Elementary School,High,No
Eastmont,Sterling Junior High School,Low,No
Easton,Easton School,,No
Eatonville,Columbia Crest A-STEM K-8 School,,No
Eatonville,Eatonville Elementary School,,No
Eatonville,Eatonville High School,,No
Eatonville,Eatonville Middle School,,No
Eatonville,Weyerhaeuser Elementary School,,No
Edmonds,Alderwood Early Childhood Center,,No
Edmonds,Alderwood Middle School,,No
Edmonds,Beverly Elementary School,,No
Edmonds,Brier Elementary School,,No
Edmonds,Brier Terrace Middle School,,No
Edmonds,Cedar Valley Community School,,No
Edmonds,Cedar Way Elementary School,,No
Edmonds,Chase Lake Elementary School,,No
Edmonds,College Place Elementary School,,No
Edmonds,College Place Middle School,,No
Edmonds,Edmonds Elementary School,,No
Edmonds,Edmonds-Woodway High School,,No
Edmonds,Hazelwood Elementary School,,No
Edmonds,Hilltop Elementary School,,No
Edmonds,Lynndale Elementary School,,No
Edmonds,Lynnwood Elementary School,,No
Edmonds,Lynnwood High School,,No
Edmonds,Madrona K-8 School (new),,No
Edmonds,Maplewood Parent Co-op (Formerly Maplewood Center) K-8,,No
Edmonds,Martha Lake Elementary School,,No
Edmonds,Meadowdale Elementary School,,No
Edmonds,Meadowdale High School,,No
Edmonds,Meadowdale Middle School,,No
Edmonds,Mountlake Terrace Elementary School,,No
Edmonds,Mountlake Terrace High School,,No
Edmonds,Oak Heights Elementary School,,No
Edmonds,Seaview Elementary School,,No
Edmonds,Sherwood Elementary School,,No
Edmonds,Spruce Elementary School (old),,No
Edmonds,Terrace Park Elementary School,,No
Edmonds,Westgate Elementary School,,No
Edmonds,Woodway Campus,,No
Edmonds,Woodway Elementary (form. Snoline),,No
Ellensburg,Ellensburg High School,,No
Ellensburg,Lincoln Elementary School,,No
Ellensburg,Morgan Middle School,,No
Ellensburg,Mt. Stuart Elementary School,,No
Ellensburg,Valley View Elementary School,,No
Elma,Elma Elementary School,Very High,No
Elma,Elma High School,Very High,No
Elma,Elma High School,Very High,Yes
Elma,Elma Middle School,Very High,No
Elma,Elma Middle School,Very High,Yes
Endicott,Endicott-St John Elementary and Middle,,No
Entiat,Entiat Middle and High School,,No
Entiat,Paul Rumburg Elementary School,,No
Enumclaw,Black Diamond Elementary School - New,,No
Enumclaw,Byron Kibler Elementary School,,No
Enumclaw,Enumclaw High School,,No
Enumclaw,Enumclaw Middle School,,No
Enumclaw,J. J. Smith Elementary School,,No
Enumclaw,Southwood Elementary School,,No
Enumclaw,Sunrise Elementary School,,No
Enumclaw,Thunder Mountain Middle School,,No
Enumclaw,Westwood Elementary School,,No
Ephrata,Columbia Ridge Elementary School,,No
Ephrata,Ephrata High School,,No
Ephrata,Ephrata Middle School,,No
Ephrata,Grant Elementary School,,No
Ephrata,Parkway School,,No
Evaline,Evaline Elementary School,,No
Everett,Cascade High School,Very High,No
Everett,Cascade High School,Very High,Yes
Everett,Cedar Wood Elementary School,Moderate,No
Everett,Eisenhower Middle School,Low,No
Everett,Eisenhower Middle School,Low,Yes
Everett,Emerson Elementary School,Moderate,Yes
Everett,Emerson Elementary School,Moderate,No
Everett,Everett High School,Very High,Yes
Everett,Everett High School,Very High,No
Everett,Evergreen Middle School,Very High,No
Everett,Forest View Elementary School,Low,No
Everett,Garfield Elementary School,Moderate,Yes
Everett,Garfield Elementary School,Moderate,No
Everett,Gateway Middle School,Low,No
Everett,Hawthorne Elementary School,Moderate,Yes
Everett,Hawthorne Elementary School,Moderate,No
Everett,Heatherwood Middle School,High,No
Everett,Henry M. Jackson High School,Moderate,No
Everett,Jackson Elementary School,Moderate,No
Everett,Jackson Elementary School,Moderate,Yes
Everett,Jefferson Elementary School,Moderate,Yes
Everett,Jefferson Elementary School,Moderate,No
Everett,Lowell Elementary School,Moderate,No
Everett,Lowell Elementary School,Moderate,Yes
Everett,Madison Elementary School,Moderate,Yes
Everett,Madison Elementary School,Moderate,No
Everett,Mill Creek Elementary School,High,No
Everett,Monroe Elementary School,Low,No
Everett,North Middle School,Low,No
Everett,North Middle School,Low,Yes
Everett,Penny Creek Elementary School,Low,No
Everett,Sequoia High School,Low,Yes
Everett,Silver Firs Elementary School,High,No
Everett,Silver Lake Elementary School,Very High,No
Everett,Silver Lake Elementary School,Very High,Yes
Everett,Tambark Creek Elementary,Low,No
Everett,View Ridge Elementary School,Low,No
Everett,Whittier Elementary School,Moderate,Yes
Everett,Whittier Elementary School,Moderate,No
Everett,Woodside Elementary School,Low,Yes
Everett,Woodside Elementary School,Low,No
Evergreen (Clark),49th Street Academy,,No
Evergreen (Clark),Burnt Bridge Creek Elementary School,High,No
Evergreen (Clark),Burton Elementary School,,No
Evergreen (Clark),Cascade Middle School,,No
Evergreen (Clark),Columbia Valley Elementary School,,No
Evergreen (Clark),Covington Middle School,,No
Evergreen (Clark),Crestline Elementary School,,No
Evergreen (Clark),Ellsworth Elementary,,No
Evergreen (Clark),Emerald Elementary,,No
Evergreen (Clark),Endeavour Elementary School,,No
Evergreen (Clark),Evergreen High School,,Yes
Evergreen (Clark),Fircrest Elementary School,Very High,No
Evergreen (Clark),Fishers Landing Elementary School,Low,No
Evergreen (Clark),Frontier Middle School,,No
Evergreen (Clark),Harmony Elementary School,Moderate,No
Evergreen (Clark),Hearthwood Elementary School,High,No
Evergreen (Clark),Henrietta Lacks Health and Bioscience Academy,,No
Evergreen (Clark),Heritage High School,,No
Evergreen (Clark),Home Choice Academy,Low,No
Evergreen (Clark),Illahee Elementary School,Low,No
Evergreen (Clark),Image Elementary,,No
Evergreen (Clark),Image Elementary School (old),High,No
Evergreen (Clark),Legacy High School,Moderate,No
Evergreen (Clark),Legacy/Hollingsworth/Archway,,No
Evergreen (Clark),Marrion Elementary,,No
Evergreen (Clark),Mill Plain Elementary School,,No
Evergreen (Clark),Mountain View High School,,No
Evergreen (Clark),Orchards Elementary School,,No
Evergreen (Clark),Pacific Middle School,High,No
Evergreen (Clark),Pioneer Elementary School,Low,No
Evergreen (Clark),Riverview Elementary School,High,No
Evergreen (Clark),Shahala Middle School,Low,No
Evergreen (Clark),Sifton Elementary,,No
Evergreen (Clark),Silver Star Elementary School,Very High,No
Evergreen (Clark),Sunset Elementary School,High,No
Evergreen (Clark),Union High School,,No
Evergreen (Clark),Wy'East Middle School,,No
Evergreen (Clark),York Elementary School,,No
Evergreen (Stevens),Evergreen School,,No
Federal Way,Adelaide Elementary School,Very High,No
Federal Way,Brigadoon Elementary School,,No
Federal Way,Camelot Elementary School,High,No
Federal Way,Decatur High School,Very High,No
Federal Way,Enterprise Elementary School,Low,No
Federal Way,ES24 FWPS Temporary Housing Site,Low,No
Federal Way,Federal Way High School,Low,No
Federal Way,Federal Way Public Academy,High,No
Federal Way,Green Gables Elementary School,Low,No
Federal Way,Illahee Middle School,High,No
Federal Way,Kilo Middle School,High,No
Federal Way,Lake Dolloff Elementary School,Very High,No
Federal Way,Lake Grove Elementary,Low,No
Federal Way,Lakeland Elementary School,Low,No
Federal Way,Lakota Middle School,Low,No
Federal Way,Mark Twain Elementary School,Very High,No
Federal Way,Meredith Hill Elementary School,Low,No
Federal Way,Mirror Lake Elementary,Low,No
Federal Way,Nautilus K-8 School,High,No
Federal Way,Olympic View Elementary School (OLD),Very High,No
Federal Way,Panther Lake Elementary School,Low,No
Federal Way,Rainier View Elementary School,Low,No
Federal Way,Sacajawea Middle School,Very High,No
Federal Way,Saghalie Middle School,,No
Federal Way,Sequoyah Middle School,Low,No
Federal Way,Sherwood Forest Elementary School,,No
Federal Way,Silver Lake Elementary School,Low,No
Federal Way,Star Lake Elementary & Evergreen Middle ,,No
Federal Way,Sunnycrest Elementary School,Low,No
Federal Way,Thomas Jefferson High ,Moderate,No
Federal Way,Todd Beamer High School,Low,No
Federal Way,Truman Career Academy Campus,Low,No
Federal Way,Twin Lakes Elementary School,,No
Federal Way,Valhalla Elementary School,Low,No
Federal Way,Wildwood Elementary,Low,No
Federal Way,Woodmont K-8 School,Very High,No
Ferndale,Beach Elementary,,No
Ferndale,Cascadia Elementary School,,No
Ferndale,Central Elementary School,,No
Ferndale,Custer Elementary,,No
Ferndale,Eagleridge Elementary School,,No
Ferndale,Ferndale High School,,No
Ferndale,Horizon Middle School,,No
Ferndale,Mountain View Elementary,,No
Ferndale,North Bellingham Learning Center,,No
Ferndale,Skyline Elementary School,,No
Ferndale,Vista Middle School,,No
Fife,Columbia Junior High School,,No
Fife,Discovery Primary School,,No
Fife,Fife High School,Very High,No
Fife,Hedden Elementary School,,No
Fife,Surprise Lake Middle School (old),,No
Finley,Finley Elementary School,,No
Finley,Finley Middle School,,No
Finley,River View High School,,No
Franklin Pierce,Andrew Christensen Elementary School,Very High,No
Franklin Pierce,Brookdale Elementary School,Low,No
Franklin Pierce,Central Avenue Elementary School,Low,No
Franklin Pierce,Collins Elementary School,Low,No
Franklin Pierce,Elmhurst Elementary School,Very High,No
Franklin Pierce,Franklin Pierce High School,Very High,No
Franklin Pierce,GATES High School,,No
Franklin Pierce,Harvard Elementary School,Low,No
Franklin Pierce,Historic Collins (Future GATES High School),Very High,No
Franklin Pierce,James Sales Elementary School,Low,No
Franklin Pierce,Midland Elementary School,Low,No
Franklin Pierce,Morris E. Ford Middle School,Very High,No
Franklin Pierce,Perry G Keithley Middle School,Very High,No
Franklin Pierce,Washington High School,Very High,No
Freeman,Freeman Elementary School,,No
Freeman,Freeman High School,,No
Freeman,Freeman Middle School,,No
Garfield,Garfield Elementary-Middle School,,No
Glenwood,Glenwood School,,No
Goldendale,Goldendale High School,,No
Goldendale,Goldendale Middle School,,No
Goldendale,Goldendale Primary School,,No
Grand Coulee Dam,Grand Coulee Dam Middle School,,No
Grand Coulee Dam,Lake Roosevelt K-12,,No
Grandview,Grandview High,,No
Grandview,Grandview Middle School,,No
Grandview,McClure Elementary School,,No
Grandview,Smith Elementary School,,No
Grandview,Thompson Elementary School,,No
Granger,Granger High School,,No
Granger,Granger Middle School,,No
Granger,Roosevelt Elementary School,,No
Granite Falls,Crossroads High School (form. MS),,No
Granite Falls,Granite Falls High School,,No
Granite Falls,Granite Falls Middle School (form. HS),,No
Granite Falls,Monte Cristo Elementary School,,No
Granite Falls,Mountain Way Elementary School,,No
Grapeview,Grapeview Elementary and Middle School,Very High,No
Great Northern,Great Northern Elementary School,,No
Green Mountain,Green Mountain School,Very High,No
Griffin,Griffin School,,No
Harrington,Harrington Elementary & High School,Low,No
Highland,Highland Jr High & High School,,No
Highland,Marcus Whitman-Cowiche Elementary School,Low,No
Highland,Tieton Intermediate School,Low,No
Highline,Beverly Park @ Glendale Elementary School,Very High,No
Highline,Beverly Park Elementary Site,Very High,No
Highline,Bow Lake Elementary School,Low,No
Highline,Cascade Middle School,Very High,No
Highline,Cedarhurst Elementary School,Low,No
Highline,Chinook Middle School,Very High,No
Highline,Des Moines Elementary (new),Low,No
Highline,Evergreen High School Campus,Very High,No
Highline,Glacier Middle,Low,No
Highline,Gregory Heights Elementary School,Low,No
Highline,Hazel Valley Elementary School,Low,No
Highline,Highline High ,Low,No
Highline,Hilltop Elementary School,Very High,No
Highline,Madrona Elementary School,Low,No
Highline,Manhattan Learning Center (Big Picture),Very High,No
Highline,Marvista Elementary School,Low,No
Highline,McMicken Heights Elementary School,Low,No
Highline,Midway Elementary School,Low,No
Highline,Mount Rainier High School,Low,No
Highline,Mount View Elementary School,Low,No
Highline,North Hill Elementary School,Low,No
Highline,Olympic Site,Moderate,Yes
Highline,Pacific Middle School,Very High,No
Highline,Parkside Elementary School,Low,No
Highline,Raisbeck Aviation High School,Low,No
Highline,Salmon Creek Site (New Start School),Very High,No
Highline,Seahurst Elementary School,Moderate,No
Highline,Shorewood Elementary School,Low,No
Highline,Southern Heights Elementary School,Very High,No
Highline,Sunnydale Elementary,Very High,No
Highline,Sylvester Middle School,Very High,No
Highline,Tyee Campus,Very High,No
Highline,Valley View Early Learning Center,Very High,No
Highline,White Center Heights Elementary School,Low,No
Highline,Woodside Site,Very High,No
Hockinson,Hockinson Heights Elementary School (East),Moderate,No
Hockinson,Hockinson High School,,No
Hockinson,Hockinson Middle School (new),Low,No
Hood Canal,Hood Canal Elementary and Junior High School,,No
Hoquiam,Central Elementary School,,No
Hoquiam,Emerson Elementary School,,No
Hoquiam,Hoquiam High School,Very High,No
Hoquiam,Hoquiam Middle School,,No
Hoquiam,Lincoln Elementary School,Very High,No
Hoquiam,Washington Elementary School,,No
Inchelium,Inchelium K-12 School,,No
Inchelium,Inchelium Middle School,,No
Index,Index Elementary School,,No
Issaquah,Apollo Elementary School,,No
Issaquah,Beaver Lake Middle School,,No
Issaquah,Briarwood Elementary School,,No
Issaquah,Cascade Ridge Elementary School,,No
Issaquah,Cedar Trails Elementary ,,No
Issaquah,Challenger Elementary School,,No
Issaquah,Clark Elementary (New),,No
Issaquah,Cougar Mountain Middle ,,No
Issaquah,Cougar Ridge Elementary School,,No
Issaquah,Creekside Elementary School,,No
Issaquah,Discovery Elementary School,,No
Issaquah,Endeavour Elementary School,,No
Issaquah,Gibson Ek High School,,No
Issaquah,Grand Ridge Elementary School,,No
Issaquah,Issaquah High School,,No
Issaquah,Issaquah Middle School (New),,No
Issaquah,Issaquah Valley Elementary School,,No
Issaquah,Liberty High School,,No
Issaquah,Maple Hills Elementary School,,No
Issaquah,Maywood Middle School,,No
Issaquah,Newcastle Elementary School,,No
Issaquah,Pacific Cascade Middle School,,No
Issaquah,Pine Lake MS,,No
Issaquah,Skyline High School,,No
Issaquah,Sunny HIlls ES,,No
Issaquah,Sunset Elementary School,,No
Kahlotus,Kahlotus Elementary and High School,,No
Kalama,Kalama Elementary School,,No
Kalama,Kalama Junior Senior High School,,No
Keller,Keller Elementary School,,No
Kelso,Barnes Elementary School,,No
Kelso,Beacon Hill Elementary School,,No
Kelso,Butler Acres Elementary School,,No
Kelso,Carrolls Elementary School,,No
Kelso,Catlin Elementary School,,No
Kelso,Coweeman Middle School,,No
Kelso,Huntington Middle School,,No
Kelso,Kelso High School,,No
Kelso,Rose Valley Elementary School,,No
Kennewick,Amistad Elementary School,,No
Kennewick,Amon Creek Elementary,,No
Kennewick,Canyon View Elementary School,,No
Kennewick,Cascade Elementary School,,No
Kennewick,Chinook Middle School,,No
Kennewick,Cottonwood Elementary School,,No
Kennewick,Desert Hills Middle School,,No
Kennewick,Eastgate Elementary School,,No
Kennewick,Edison Elementary School,,No
Kennewick,Fuerza Elementary School,,No
Kennewick,Hawthorne Elementary School,,No
Kennewick,Highlands Middle School,,No
Kennewick,Horse Heaven Hills Middle School,,No
Kennewick,Kamiakin High School,,No
Kennewick,Kennewick High School,,No
Kennewick,Legacy High School,,No
Kennewick,Lincoln Elementary School,,No
Kennewick,Mid-Columbia Partnership,,No
Kennewick,Park Middle School,,No
Kennewick,Phoenix High School,,No
Kennewick,Ridge View Elementary School,,No
Kennewick,Sage Crest Elementary School,,No
Kennewick,Southgate Elementary School,,No
Kennewick,Southridge High School,,No
Kennewick,Sunset View Elementary School,,No
Kennewick,Tri-Tech Skills Center,,No
Kennewick,Vista Elementary School,,No
Kennewick,Washington Elementary School,,No
Kennewick,Westgate Elementary School,,No
Kent,Canyon Ridge Middle School,Very High,No
Kent,Carriage Crest Elementary School,Very High,No
Kent,Cedar Heights Middle School,,No
Kent,Cedar Valley Elementary School,,No
Kent,Covington Elementary School ,Low,No
Kent,Crestwood Elementary School,Moderate,No
Kent,East Hill Elementary School,Very High,No
Kent,Emerald Park Elementary School,Moderate,No
Kent,Fairwood Elementary School,Very High,No
Kent,George T. Daniel Elementary School,Low,No
Kent,Glenridge Elementary School,Moderate,No
Kent,Grass Lake Elementary School,Very High,No
Kent,Horizon Elementary School,High,No
Kent,Jenkins Creek Elementary School,,No
Kent,Kent Elementary School,,No
Kent,Kent Laboratory Academy,,No
Kent,Kent-Meridian High School,Very High,No
Kent,Kentlake High School,Low,No
Kent,Kentridge High School,Very High,No
Kent,Kentwood High School,,No
Kent,Lake Youngs Elementary School,Very High,No
Kent,Martin Sortun Elementary School,High,No
Kent,Mattson Middle School,Moderate,No
Kent,Meadow Ridge Elementary School,,No
Kent,Meeker Middle School,Very High,No
Kent,Meridian Elementary School,Very High,No
Kent,Meridian Middle School,Very High,No
Kent,Mill Creek Middle School,Very High,No
Kent,Millennium Elementary School,Low,No
Kent,Neely-O'Brien Elementary School,Moderate,No
Kent,Northwood Middle School,Moderate,No
Kent,Panther Lake Elementary School,Low,No
Kent,Park Orchard Elementary School,Very High,No
Kent,Pine Tree Elementary School,Very High,No
Kent,Ridgewood Elementary School,Moderate,No
Kent,River Ridge Elementary ,,No
Kent,Sawyer Woods Elementary School,Low,No
Kent,Scenic Hill Elementary School,Very High,No
Kent,Soos Creek Elementary School,Very High,No
Kent,Springbrook Elementary School,Very High,No
Kent,Sunrise Elementary School,Low,No
Kettle Falls,Kettle Falls Elementary School,,No
Kettle Falls,Kettle Falls High School,,No
Kettle Falls,Kettle Falls Middle School,,No
Kiona-Benton City,Kiona-Benton City High School,,No
Kiona-Benton City,Kiona-Benton City PK-8,,No
Kittitas,Kittitas Elementary School,,No
Kittitas,Kittitas High School,,No
Klickitat,Klickitat Elementary and High School,,No
La Center,La Center Elementary & Middle Schools,,No
La Center,La Center High School,,No
La Conner,La Conner Elementary School (form. MS),,No
La Conner,La Conner High School,Very High,No
La Conner,La Conner Middle School (form. Elem site.),Very High,No
LaCrosse,Lacrosse K-12,,No
Lake Chelan,Chelan High School,,No
Lake Chelan,Morgen Owings Elementary School,,No
Lake Chelan,Preschool and 5th Grade,,No
Lake Quinault,Lake Quinault K-12 School,,No
Lake Stevens,Cavelero Mid High School,Low,No
Lake Stevens,Glenwood Elementary School,,No
Lake Stevens,Highland Elementary School,,No
Lake Stevens,Hillcrest Elementary School,,No
Lake Stevens,Lake Stevens Middle School,Very High,No
Lake Stevens,Lake Stevens Senior High School,,No
Lake Stevens,Mt. Pilchuck Elementary School,Very High,No
Lake Stevens,North Lake Middle School,Very High,No
Lake Stevens,Skyline Elementary School,,No
Lake Stevens,Stevens Creek ES  & Early Learning Center,,No
Lake Stevens,Sunnycrest Elementary School,Very High,No
Lake Washington,Alcott Elementary School,,No
Lake Washington,Audubon Elementary School,,No
Lake Washington,Baker Elementary School,,No
Lake Washington,Barton Elementary School,,No
Lake Washington,Bell Elementary School,,No
Lake Washington,Blackwell Elementary School,,No
Lake Washington,Carson Elementary School,,No
Lake Washington,Dickinson Elementary School,,No
Lake Washington,Eastlake High School,,No
Lake Washington,Einstein Elementary School,Low,No
Lake Washington,Emerson Campus,,No
Lake Washington,Evergreen Middle School,,No
Lake Washington,Finn Hill Middle School,,No
Lake Washington,Franklin Elementary School,,No
Lake Washington,Frost Elementary School,,No
Lake Washington,Inglewood Middle School,,No
Lake Washington,International Community School,,No
Lake Washington,Juanita Elementary School,,No
Lake Washington,Juanita High School,,No
Lake Washington,Kamiakin Middle School,,No
Lake Washington,Keller Elementary School,,No
Lake Washington,Kirk Elementary School,,No
Lake Washington,Kirkland Middle School,,No
Lake Washington,Lake Washington High School,,No
Lake Washington,Lakeview Elementary School,,No
Lake Washington,Mann Elementary School,,No
Lake Washington,McAuliffe Elementary School,,No
Lake Washington,Mead Elementary School,,No
Lake Washington,Muir Elementary School,,No
Lake Washington,Parks Elementary School,,No
Lake Washington,Redmond Elementary School,,No
Lake Washington,Redmond High School,,No
Lake Washington,Redmond Middle School,,No
Lake Washington,Rockwell Elementary School,,No
Lake Washington,Rose Hill Elementary School,,No
Lake Washington,Rose Hill Middle School,,No
Lake Washington,Rush Elementary School,,No
Lake Washington,Sandburg Elementary School,,No
Lake Washington,Smith Elementary School,,No
Lake Washington,Tesla STEM High School,,No
Lake Washington,Thoreau Elementary School,,No
Lake Washington,Timberline Middle School,,No
Lake Washington,Twain Elementary School,,No
Lake Washington,Wilder Elementary School,,No
Lakewood,Cougar Creek Elementary School,Low,No
Lakewood,English Crossing Elementary School,Low,No
Lakewood,Lakewood Elementary School,Very High,No
Lakewood,Lakewood High School,Low,No
Lakewood,Lakewood Middle School,Very High,No
Lamont,Lamont Middle School,,No
Liberty,Liberty High School,,No
Liberty,Liberty Junior High and Elementary School,,No
Lind,Lind Elementary School,,No
Lind,Lind Middle School,,No
Longview,Broadway Learning Center,Moderate,No
Longview,Cascade Middle School,Very High,No
Longview,Columbia Heights Elementary School,Very High,No
Longview,Columbia Valley Gardens Elementary School,Low,No
Longview,Discovery High School,High,No
Longview,Kessler Elementary School,High,No
Longview,Mark Morris High School,High,No
Longview,Mint Valley Elementary School,High,No
Longview,Monticello Middle School,Very High,No
Longview,Mt. Solo Middle School,Low,No
Longview,Northlake Elementary School,High,No
Longview,Olympic Elementary School,Very High,No
Longview,R. A. Long High School,Very High,No
Longview,Robert Gray Elementary School,Low,No
Longview,Saint Helens Elementary School,Low,No
Loon Lake,Loon Lake Elementary School,,No
Lopez Island,Decatur School,,No
Lopez Island,Lopez Elementary School,,No
Lopez Island,Lopez Middle High School,,No
Lummi,Lummi Nation School K-12,,No
Lyle,Dallesport Elementary School,,No
Lyle,Lyle High School,,No
Lynden,Fisher Elementary School ,,No
Lynden,Isom Elementary School,,No
Lynden,Lynden High School,,No
Lynden,Lynden Middle School ,,No
Lynden,Vossbeck Elementary School,,No
Mabton,Artz Fox Elementary School,,No
Mabton,Mabton Jr/Sr High School,Moderate,No
Mansfield,Mansfield Elem and High School,,No
Manson,Manson Elementary School,,No
Manson,Manson Junior Senior High School,,No
Mary M Knight,Mary M. Knight School,Very High,No
Mary Walker,Mary Walker High School,,No
Mary Walker,Springdale Elementary/Middle School,,No
Marysville,Allen Creek Elementary School,,No
Marysville,Cascade Elementary School,Very High,No
Marysville,Cedarcrest School,,No
Marysville,Grove Elementary School,,No
Marysville,Kellogg Marsh Elementary School,,No
Marysville,Liberty Elementary School,High,No
Marysville,Marshall Elementary School,,No
Marysville,Marysville ECEAP School (Formerly Msville Mtn View),,No
Marysville,Marysville Middle School,Very High,No
Marysville,Marysville Pilchuck Senior High School,Very High,No
Marysville,Marysville-Getchell High School Campus,,No
Marysville,Marysville-Tulalip Campus,,No
Marysville,Pinewood Elementary School,Very High,No
Marysville,Quil Ceda Tulalip Elementary School,,No
Marysville,Shoultes Elementary School,Very High,No
Marysville,Sunnyside Elementary School,,No
Marysville,Totem Middle School,Very High,No
McCleary,McCleary Elementary School,,No
Mead,Brentwood Elementary School,,No
Mead,Colbert Elementary School,,No
Mead,Evergreen Elementary School,,No
Mead,Farwell Elementary School,,No
Mead,M.E.A.D. Alternative High School,,No
Mead,Mead Education Partnership (Five Mile Prairie),,No
Mead,Mead Senior High School,,No
Mead,Meadow Ridge Elementary School,,No
Mead,Midway Elementary School,,No
Mead,Mountainside Middle School,,No
Mead,Mt Spokane High School,,No
Mead,Northwood Middle School,,No
Mead,Prairie View Elementary School,,No
Mead,Shiloh Hills Elementary School,,No
Medical Lake,Hallett Elementary School,,No
Medical Lake,Medical Lake High School,,No
Medical Lake,Medical Lake Middle School,,No
Medical Lake,Michael Anderson Elementary School,,No
Mercer Island,Island Park Elementary School,Moderate,Yes
Mercer Island,Island Park Elementary School,Moderate,No
Mercer Island,Islander Middle School,,Yes
Mercer Island,Islander Middle School,,No
Mercer Island,Lakeridge Elementary School,Low,Yes
Mercer Island,Mercer Island High School,,Yes
Mercer Island,Mercer Island High School,,No
Mercer Island,Northwood Elementary,,No
Mercer Island,West Mercer Elementary School,Low,Yes
Meridian,Irene Reither Elementary School,Low,No
Meridian,Meridian High School,,No
Meridian,Meridian Middle School,Very High,No
Methow Valley,Liberty Bell Junior Senior High School,,No
Methow Valley,Methow Valley Elementary School,Moderate,No
Mill A,Mill A Elementary School,,No
Monroe,Chain Lake Elementary School,,No
Monroe,Frank Wagner Elementary School,,No
Monroe,Fryelands Elementary School,,No
Monroe,Hidden River Middle School,,No
Monroe,Maltby Elementary School,,No
Monroe,Monroe High School,,No
Monroe,Park Place Middle School (new),,No
Monroe,Salem Woods Elementary School,,No
Monroe,Sky Valley Education Center1 (Old MMS),,No
Monroe,Wagner Center (Leaders In Learning),,No
Montesano,Beacon Avenue Elementary School,,No
Montesano,Montesano Junior Senior High School,,No
Montesano,Simpson Avenue Elementary School,,No
Morton,Morton Elementary School,Very High,No
Morton,Morton Junior Senior High School,,No
Moses Lake,Chief Moses Middle School,Low,No
Moses Lake,Endeavor Middle School,Low,No
Moses Lake,Frontier Middle School,,No
Moses Lake,Garden Heights Elementary School,Low,No
Moses Lake,Knolls Vista Elementary School,Low,No
Moses Lake,Lakeview Terrace Elementary School,Low,No
Moses Lake,Larson Heights Elementary School,Low,No
Moses Lake,Longview Elementary School,Low,No
Moses Lake,Midway Elementary School,Low,No
Moses Lake,Moses Lake High School,Low,No
Moses Lake,North Elementary School,Low,No
Moses Lake,Park Orchard Elementary School,Low,No
Moses Lake,Peninsula Elementary School,Low,No
Moses Lake,Sage Point Elementary School,Low,No
Moses Lake,Vanguard Academy,,No
Moses Lake,Vicki Groff Elementary ,,No
Mossyrock,Mossyrock K-12 School,,No
Mount Adams,Harrah Elementary School,,No
Mount Adams,Mount Adams Middle School,,No
Mount Adams,White Swan High School,,No
Mount Baker,Acme Elementary School,,No
Mount Baker,Harmony Elementary School,,No
Mount Baker,Kendall Elementary School,,No
Mount Baker,Mount Baker Junior High School,Low,No
Mount Baker,Mount Baker Senior High School,,No
Mount Pleasant,Mount Pleasant Elementary School,,No
Mount Vernon,Centennial Elementary School,,No
Mount Vernon,Harriet Rowley Elementary School,,No
Mount Vernon,Jefferson Elementary School,,No
Mount Vernon,La Venture Middle School,,No
Mount Vernon,Little Mountain Elementary School,,No
Mount Vernon,Madison Elementary ,,No
Mount Vernon,Mount Baker Middle School,,No
Mount Vernon,Mount Vernon High School,,No
Mount Vernon,Washington Elementary School,,No
Mukilteo,ACES High School,,No
Mukilteo,Challenger Elementary School,,No
Mukilteo,Columbia Elementary School,,No
Mukilteo,Discovery Elementary School,,No
Mukilteo,Endeavour Elementary School,,No
Mukilteo,Explorer Middle School,,No
Mukilteo,Fairmount Elementary School,,No
Mukilteo,Harbour Pointe Middle School,,No
Mukilteo,Horizon Elementary School,,No
Mukilteo,Kamiak High School,,No
Mukilteo,Lake Stickney Elementary School ,,No
Mukilteo,Mariner High School,,No
Mukilteo,Mukilteo Elementary School,,No
Mukilteo,Odyssey Elementary School,,No
Mukilteo,Olivia Park Elementary School,,No
Mukilteo,Olympic View Middle School,,No
Mukilteo,Pathfinder Kindergarten Center,,No
Mukilteo,Picnic Point Elementary School,,No
Mukilteo,Serene Lake Elementary School,,No
Mukilteo,Voyager Middle School,,No
Naches Valley,Naches Elementary School,,No
Naches Valley,Naches Valley High School,,No
Naches Valley,Naches Valley Intermediate School,,No
Naches Valley,Naches Valley Middle School,,No
Napavine,Napavine Elementary School,,No
Napavine,Napavine Junior Senior High School,,No
Naselle-Grays River Valley,Naselle K-12 School,,No
Nespelem,Nespelem Elementary School,,No
Newport,Newport High School,,No
Newport,Sadie Halstead Middle School,,No
Newport,Stratton Elementary School,,No
Nine Mile Falls,Lake Spokane Elementary School,,No
Nine Mile Falls,Lakeside High School,,No
Nine Mile Falls,Lakeside Middle School,,No
Nine Mile Falls,Nine Mile Falls Elementary School,,No
Nooksack Valley,Everson Elementary School,,No
Nooksack Valley,Nooksack Elementary School,,No
Nooksack Valley,Nooksack Valley High School,,No
Nooksack Valley,Nooksack Valley Middle School,,No
Nooksack Valley,Sumas Elementary School (Old),,No
North Beach,North Beach Junior/Senior High School,Very High,No
North Beach,Ocean Shores Elementary School,,No
North Beach,Pacific Beach Elementary School,Very High,No
North Franklin,Basin City Elementary School,,No
North Franklin,Connell High School,,No
North Franklin,Mesa Elementary School,,No
North Franklin,New - Connell Elementary,,No
North Franklin,Palouse Junction High School,,No
North Franklin,Robert L. Olds Junior High School,,No
North Kitsap,Breidablik Elementary School,,No
North Kitsap,Choice Academy,,No
North Kitsap,David Wolfle Elementary School,,No
North Kitsap,Hilder Pearson Elementary School,,No
North Kitsap,Kingston High School,,No
North Kitsap,Kingston Middle School,,No
North Kitsap,North Kitsap High School,,No
North Kitsap,Poulsbo Elementary School,,No
North Kitsap,Poulsbo Middle School,,No
North Kitsap,Richard Gordon Elementary School,,No
North Kitsap,Suquamish Elementary School,,No
North Kitsap,Vinland Elementary School,,No
North Mason,Belfair Elementary School,Very High,No
North Mason,Hawkins Middle School,Very High,No
North Mason,James A Taylor High School,,No
North Mason,Mary Theler Learning Center,,No
North Mason,New Hawkins Middle ,,No
North Mason,New North Mason High School,Very High,No
North Mason,Other District Facilities,,No
North Mason,Sand Hill Elementary School,,No
North River,North River School,,No
North Thurston,Aspire Middle School,,No
North Thurston,Chambers Prairie Elementary School,Low,No
North Thurston,Chinook Middle School,Very High,No
North Thurston,Chinook Middle School,Very High,Yes
North Thurston,Evergreen Forest Elementary School,,No
North Thurston,Horizons Elementary School,Moderate,No
North Thurston,Komachin Middle School,High,No
North Thurston,Lacey Elementary School,Low,No
North Thurston,Lacey Elementary School,Low,Yes
North Thurston,Lakes Elementary School,Very High,Yes
North Thurston,Lakes Elementary School,Very High,No
North Thurston,Lydia Hawk Elementary School,Moderate,No
North Thurston,Lydia Hawk Elementary School,Moderate,Yes
North Thurston,Meadows Elementary School,Very High,No
North Thurston,Mountain View Elementary School,Very High,No
North Thurston,Mountain View Elementary School,Very High,Yes
North Thurston,Nisqually Middle School,,No
North Thurston,Nisqually Middle School,,Yes
North Thurston,North Thurston High School,Very High,No
North Thurston,North Thurston High School,Very High,Yes
North Thurston,Olympic View Elementary,Low,Yes
North Thurston,Pleasant Glade Elementary,,No
North Thurston,River Ridge High School,,No
North Thurston,Salish Middle School,,No
North Thurston,Seven Oaks Elementary School,Moderate,No
North Thurston,South Bay Elementary School,High,No
North Thurston,South Bay Elementary School,High,Yes
North Thurston,South Sound High School,,No
North Thurston,Timberline High School,,No
North Thurston,Timberline High School,,Yes
North Thurston,Woodland Elementary,Moderate,Yes
Northport,Northport K-12,,No
Northshore,Arrowhead Elementary School,,No
Northshore,Bear Creek Elementary School,,No
Northshore,Bothell High School,,No
Northshore,Canyon Creek Elementary School,,No
Northshore,Canyon Park Junior High School,,No
Northshore,Cottage Lake Elementary School,,No
Northshore,Crystal Springs Elementary School,Very High,No
Northshore,East Ridge Elementary School,,No
Northshore,Fernwood Elementary School,,No
Northshore,Frank Love Elementary School,,No
Northshore,Hollywood Hill Elementary School,,No
Northshore,Inglemoor High School,,No
Northshore,Kenmore Elementary School,,No
Northshore,Kenmore Junior High School,,No
Northshore,Kokanee Elementary School,,No
Northshore,Leota Junior High School,,No
Northshore,Lockwood Elementary School,,No
Northshore,Maywood Hills Elementary School,,No
Northshore,Moorlands Elementary School,,No
Northshore,North Creek HS (New HS),,No
Northshore,Northshore Junior High School,,No
Northshore,Secondary Academy for Success (new),,No
Northshore,Shelton View Elementary School,Very High,No
Northshore,Skyview Junior High School,,No
Northshore,Sorenson Early Childhood Center,,No
Northshore,Sunrise Elementary School,,No
Northshore,Timbercrest Junior High School,,No
Northshore,Wellington Elementary School,,No
Northshore,Westhill Elementary School,,No
Northshore,Woodin Elementary School,,No
Northshore,Woodinville High School,,No
Northshore,Woodmoor Elementary School,,No
Oak Harbor,Broad View Elementary School,,No
Oak Harbor,Clover Valley Home Connection,Very High,No
Oak Harbor,Crescent Harbor Elementary,,No
Oak Harbor,Hillcrest Elementary School,,No
Oak Harbor,North Whidbey Middle School,Low,No
Oak Harbor,Oak Harbor Elementary School,,No
Oak Harbor,Oak Harbor Elementary School,,Yes
Oak Harbor,Oak Harbor High School,,No
Oak Harbor,Oak Harbor Intermediate School,Very High,No
Oak Harbor,Olympic View Elementary,,No
Oakesdale,Oakesdale Elementary School,,No
Oakesdale,Oakesdale High School,,No
Oakville,Oakville School,,No
Ocean Beach,Ilwaco (Hilltop) Middle School,Very High,No
Ocean Beach,Ilwaco High School,Very High,No
Ocean Beach,Kaino Gym,High,No
Ocean Beach,Long Beach Elementary School,,No
Ocean Beach,Ocean Park Elementary School,,No
Ocosta,Ocosta Elementary School,Very High,No
Ocosta,Ocosta Junior Senior High School,Very High,No
Odessa,Odessa High School,,No
Odessa,P C Jantz Elementary School,,No
Okanogan,Grainger Elementary School,,No
Okanogan,Okanogan Junior / Senior High School,,No
Olympia,Avanti High School,,No
Olympia,Boston Harbor Elementary School,,No
Olympia,Capital High School,,No
Olympia,Centennial Elementary School,,No
Olympia,Garfield Elementary School,,No
Olympia,Jefferson Middle School,,No
Olympia,Julia Butler Hansen Elementary School,,No
Olympia,Leland P Brown Elementary School,,No
Olympia,Lincoln Elementary School,,No
Olympia,Madison Elementary School,,No
Olympia,McKenny Elementary School,,No
Olympia,McLane Elementary School,,No
Olympia,Olympia High School,,No
Olympia,ORLA (Olympia Regional Learning Academy),,No
Olympia,Pioneer Elementary School,,No
Olympia,Reeves Middle School,,No
Olympia,Roosevelt Elementary School,,No
Olympia,Thurgood Marshall Middle School,Moderate,No
Olympia,Washington Middle School,,No
Omak,E Omak Elementary School,,No
Omak,Highlands,,No
Omak,N Omak Elementary School,,No
Omak,Omak High School,,No
Omak,Omak Middle School,,No
Onalaska,Onalaska High School,,No
Onalaska,Onalaska K-8 School,,No
Onion Creek,Onion Creek Elementary School,,No
Orcas Island,Orcas Island K-12,,No
Orcas Island,Waldron Island School,Moderate,Yes
Orchard Prairie,Orchard Prairie Elementary School,,No
Orient,Orient Elementary School,,No
Orondo,Orondo Elementary and Middle School,,No
Oroville,Oroville Elementary School,Moderate,No
Oroville,Oroville Middle High School,,No
Orting,Orting High School,,No
Orting,Orting Middle School,,No
Orting,Orting Primary School,,No
Orting,Ptarmigan Ridge Intermediate School,,No
Othello,Desert Oasis High School,,No
Othello,Hiawatha Elementary School,,No
Othello,Lutacaga Elementary School,,No
Othello,McFarland Middle School,,No
Othello,Othello High School,,No
Othello,Scootney Springs Elementary School,,No
Othello,Wahitis Elementary School,,No
Palisades,Palisades Elementary School,,No
Palouse,Palouse High School,,No
Pasco,Barbara McClintock STEM Elementary School,Low,No
Pasco,Captain Gray STEM Elementary,Low,No
Pasco,Chiawana High School,,No
Pasco,Columbia River Elementary,Moderate,No
Pasco,Delta High School,Low,No
Pasco,Edwin Markham Elementary School,Low,No
Pasco,Ellen Ochoa Middle School,,No
Pasco,Emerson Elementary School,Low,No
Pasco,Isaac Stevens Middle,Low,No
Pasco,James Mcgee Elementary School,Moderate,No
Pasco,Longfellow Elementary School,Low,No
Pasco,Marie Curie STEM Elementary School,Low,No
Pasco,Mark Twain Elementary School,Moderate,No
Pasco,Maya Angelou Elementary,Low,No
Pasco,McLoughlin Middle School,Moderate,No
Pasco,Pasco Senior High School,,No
Pasco,Ray Reynolds Middle School,Low,No
Pasco,Robert Frost Elementary School,Low,No
Pasco,Rosalind Franklin STEM Elementary,Low,No
Pasco,Rowena Chess Elementary School,Low,No
Pasco,Ruth Livingston Elementary School,Low,No
Pasco,Three Rivers Elementary ,Low,No
Pasco,Virgie Robinson Elementary School,Low,No
Pasco,Whittier Elementary School,Low,No
Pateros,Pateros K-12 School,,No
Paterson,Paterson Elementary School,,No
Pe Ell,Pe Ell School,,No
Peninsula,Artondale Elementary School (old),,No
Peninsula,Discovery Elementary School,,No
Peninsula,Elementary School #10,,No
Peninsula,Evergreen Elementary School (old),,No
Peninsula,Gig Harbor High School,,No
Peninsula,Goodman Middle School,,No
Peninsula,Harbor Heights Elementary School,,No
Peninsula,Harbor Ridge Middle School,,No
Peninsula,Key Peninsula Middle School,,No
Peninsula,Kopachuck Middle School,,No
Peninsula,Minter Creek Elementary School,,No
Peninsula,Peninsula High School,Very High,No
Peninsula,Purdy Elementary School,,No
Peninsula,Soundview Annex,,No
Peninsula,Vaughn Elementary School,,No
Peninsula,Voyager Elementary School,,No
Pioneer,Pioneer Elementary School,,No
Pioneer,Pioneer Intermediate Middle School (new),,No
Pioneer,Pioneer Intermediate Middle School (old),,No
Pomeroy,Pomeroy Elementary School,Low,No
Pomeroy,Pomeroy Junior Senior High School,Moderate,No
Port Angeles,Dry Creek Elementary School,High,No
Port Angeles,Franklin Elementary School,Very High,No
Port Angeles,Hamilton Elementary School,Very High,No
Port Angeles,Jefferson Elementary School,Moderate,No
Port Angeles,Lincoln High School,Very High,No
Port Angeles,Monroe Elementary School,Very High,No
Port Angeles,NOPSC,,No
Port Angeles,Port Angeles High School,Very High,No
Port Angeles,Roosevelt Elementary School,Moderate,No
Port Angeles,Stevens Middle School,Very High,No
Port Townsend,Blue Heron Middle School,Low,No
Port Townsend,Mountain View Elementary,,No
Port Townsend,Port Townsend High School,,No
Port Townsend,Salish Coast Elementary,,No
Prescott,Prescott Elementary School,,No
Prescott,Prescott Junior Senior High School,,No
Prosser,Housel Middle School,,No
Prosser,Keene-Riverview Elementary School,,No
Prosser,Prosser Falls Education Center,,No
Prosser,Prosser Heights Elementary School,,No
Prosser,Prosser High School (old),,No
Prosser,Whitstran Elementary School,,No
Pullman,Franklin Elementary School,,No
Pullman,Jefferson Elementary School,,No
Pullman,Kamiak Elementary,,No
Pullman,Lincoln Middle School,,No
Pullman,Pullman High School,,No
Pullman,Sunnyside Elementary School,,No
Puyallup,Aylen Junior High School,Low,No
Puyallup,Ballou Junior High School,High,No
Puyallup,Dessie F Evans Elementary,Low,No
Puyallup,Doris Stahl Junior High School,Moderate,No
Puyallup,E B Walker High School Alternative School,Low,No
Puyallup,Edgemont Junior High School,Low,No
Puyallup,Edgerton Elementary School,Low,No
Puyallup,Edward Zeiger Elementary School,Low,No
Puyallup,Emerald Ridge High School,Low,No
Puyallup,Emma L Carson Elementary School,,No
Puyallup,Ferrucci Junior High School,Moderate,No
Puyallup,Firgrove Elementary ,Low,No
Puyallup,Frank Brouillet Elementary School,Low,No
Puyallup,Fruitland Elementary School,,No
Puyallup,Glacier View Junior High School,,No
Puyallup,Governor John Rogers High School,,No
Puyallup,Hilltop Elementary School,,No
Puyallup,Kalles Junior High School,Low,No
Puyallup,Karshner Elementary School,High,No
Puyallup,Maplewood Elementary School,Very High,No
Puyallup,Meeker Elementary School,,No
Puyallup,Mt View Elementary School,,No
Puyallup,Northwood Elementary ,,No
Puyallup,Pope Elementary School,,No
Puyallup,Puyallup High School,Very High,No
Puyallup,Ridgecrest Elementary School,Moderate,No
Puyallup,Shaw Road Elementary,Low,No
Puyallup,Spinning Elementary School,Very High,No
Puyallup,Stewart Elementary,Low,No
Puyallup,Sunrise Elementary ,,No
Puyallup,Waller Road Elementary School,Very High,No
Puyallup,Warren Hunt Elementary School,Low,No
Puyallup,Wildwood Elementary,,No
Puyallup,Woodland Elementary School,Low,No
Queets-Clearwater,Queets-Clearwater Elementary School,,No
Quilcene,Quilcene High And Elementary School,Very High,No
Quillayute Valley,Forks Alternative High School,High,No
Quillayute Valley,Forks Elementary School,Very High,No
Quillayute Valley,Forks Intermediate School,Very High,No
Quillayute Valley,Forks Junior-Senior High School,Very High,No
Quillayute Valley,QVSD - Auxiliary Gym,Very High,No
Quincy,Ancient Lakes Elementary School,,No
Quincy,George Elementary School,Low,No
Quincy,Monument Elementary School,Low,No
Quincy,Mountain View Elementary School,High,No
Quincy,Pioneer Elementary School,Low,No
Quincy,Quincy High School,Low,No
Quincy,Quincy Innovation Academy,High,No
Quincy,Quincy Middle School,,No
Rainier,Rainier Elementary School,,No
Rainier,Rainier High School,,No
Rainier,Rainier Middle School,,No
Raymond,Raymond Elementary School,,No
Raymond,Raymond Junior Senior High School,,No
Reardan-Edwall,Reardan Elementary School,,No
Reardan-Edwall,Reardan Middle Senior High School,Moderate,No
Renton,Benson Hill Elementary School,,No
Renton,Bryn Mawr Elementary School,,No
Renton,Campbell Hill Elementary School,,No
Renton,Cascade Elementary School,,No
Renton,Dimmitt Middle School,,No
Renton,Hazelwood Elementary School,,No
Renton,Hazen Senior High School,Very High,No
Renton,Highlands Elementary School,,No
Renton,Honey Dew Elementary School,,No
Renton,Kennydale Elementary School,,No
Renton,Lakeridge Elementary School,,No
Renton,Lindbergh Senior High School,Very High,No
Renton,Maplewood Heights Elementary School,,No
Renton,McKnight Middle School,,No
Renton,Nelsen Middle School,,No
Renton,Renton Park Elementary School,,No
Renton,Renton Senior High School,,No
Renton,Sartori Elementary School ,,No
Renton,Sierra Heights Elementary School,,No
Renton,Spring Glen HOME Program and Renton Academy,,No
Renton,Talbot Hill Elementary School,,No
Renton,Talley HS - Secondary Learning Center,,No
Renton,Tiffany Park Elementary School,,No
Renton,Vera Risdon Middle School ,,No
Republic,Republic Elementary School,,No
Republic,Republic Junior High School,,No
Republic,Republic Senior High School,,No
Richland,Badger Mountain Elementary,,No
Richland,Carmichael Middle School,Moderate,No
Richland,Chief Joseph Middle School,Low,No
Richland,Desert Sky Elementary,Low,No
Richland,Enterprise Middle School,Low,No
Richland,Hanford High School,,No
Richland,Jason Lee Elementary School,Low,No
Richland,Jefferson Elementary School,Low,No
Richland,Leona Marshall Libby Middle,Low,No
Richland,Lewis & Clark Elementary School,Low,No
Richland,Marcus Whitman Elementary,,No
Richland,Orchard Elementary,Low,No
Richland,Richland High School,,No
Richland,Sacajawea Elementary School,Low,No
Richland,Tapteal Elementary School,Low,No
Richland,"Teaching, Learning & Administrative Center",,No
Richland,White Bluffs Elementary School,Low,No
Richland,Wiley Elementary School,Low,No
Ridgefield,Ridgefield 5-8 Campus,,No
Ridgefield,Ridgefield High School,,No
Ridgefield,South Ridge Elementary School,Very High,No
Ridgefield,Union Ridge Elementary School,,No
Ritzville,Ritzville Grade School,,No
Ritzville,Ritzville High School,,No
Riverside,Chattaroy Elementary School,,No
Riverside,Riverside Elementary School,,No
Riverside,Riverside High School,,No
Riverside,Riverside Middle School,,No
Riverview,Carnation Elementary School,,No
Riverview,Cedarcrest High School,,No
Riverview,Cherry Valley Elementary School,,No
Riverview,Eagle Rock Multiage School,,No
Riverview,Riverview Learning Center,,No
Riverview,Stillwater Elementary School,,No
Riverview,Tolt Middle School,,No
Rochester,Grand Mound Elementary School,,No
Rochester,Rochester High School,,No
Rochester,Rochester Middle School,,No
Rochester,Rochester Primary School,,No
Roosevelt,Roosevelt Elementary School,,No
Rosalia,Rosalia Elementary and Secondary School,,No
Royal,Red Rock Elementary School,Low,No
Royal,Royal High School,,No
Royal,Royal Intermediate School,,No
Royal,Royal Middle School,,No
San Juan Island,Friday Harbor Elementary School,,No
San Juan Island,Friday Harbor High School,,No
San Juan Island,Friday Harbor Middle School,,No
San Juan Island,Stuart Island Elementary School,,No
Satsop,Satsop Elementary School,,No
Seattle,Adams Elementary School,Low,No
Seattle,Adams Elementary School,Low,Yes
Seattle,Aki Kurose Middle School,Low,Yes
Seattle,Alan T. Sugiyama High School,Low,No
Seattle,Alki Elementary School,Very High,Yes
Seattle,Alki Elementary School,Very High,No
Seattle,Arbor Heights Elementary School,Low,No
Seattle,B. F. Day Elementary School,,Yes
Seattle,Bailey Gatzert Elementary School,High,No
Seattle,Ballard High School,Low,No
Seattle,Beacon Hill Int'l Elementary School,Low,Yes
Seattle,Broadview-Thomson K-8 School,Low,Yes
Seattle,Bryant Elementary School,Very High,No
Seattle,Cascadia Elementary School,Low,No
Seattle,Catharine Blaine K-8 School,Low,Yes
Seattle,Cedar Park Elementary School,Very High,No
Seattle,Chief Sealth International High School,Very High,No
Seattle,Cleveland High School,Very High,No
Seattle,Columbia School,Low,Yes
Seattle,Concord Int'l Elementary School,Low,Yes
Seattle,Concord Int'l Elementary School,Low,No
Seattle,Cooper (Pathfinder) Elementary School,Moderate,No
Seattle,Daniel Bagley Elementary School,Very High,No
Seattle,Dearborn Park Intl'l Elementary School,Low,Yes
Seattle,Dearborn Park Intl'l Elementary School,Low,No
Seattle,Decatur Elementary School,Low,Yes
Seattle,Denny International Middle School,Low,No
Seattle,Dunlap Elementary School,Low,Yes
Seattle,Dunlap Elementary School,Low,No
Seattle,Eckstein Middle School,Low,Yes
Seattle,Emerson Elementary School,Very High,No
Seattle,Fairmount Park Elementary School,Low,No
Seattle,Fairmount Park Elementary School,Low,Yes
Seattle,Franklin High School,Moderate,Yes
Seattle,Frantz Coe Elementary School,Low,No
Seattle,Garfield High School,Very High,No
Seattle,Gatewood Elementary School,Low,Yes
Seattle,Genesee Hill Elementary School,Low,No
Seattle,Graham Hill Elementary School,Very High,No
Seattle,Green Lake Elementary School,Very High,No
Seattle,Greenwood Elementary School,Low,Yes
Seattle,Greenwood Elementary School,Low,No
Seattle,Hamilton International Middle School,Low,No
Seattle,Hamilton International Middle School,Low,Yes
Seattle,Hawthorne Elementary School,High,No
Seattle,Hazel Wolf K-8 School,Low,No
Seattle,Highland Park Elementary School,Moderate,No
Seattle,Ingraham Int'l High School,,No
Seattle,Ingraham Int'l High School,,Yes
Seattle,Jane Addams Middle School,Low,Yes
Seattle,John Hay Elementary School,Low,Yes
Seattle,John Marshall,Very High,Yes
Seattle,John Marshall,Very High,No
Seattle,John Muir Elementary School,Low,Yes
Seattle,John Rogers Elementary School,Low,Yes
Seattle,John Stanford Int'l Elementary School,Very High,No
Seattle,Lafayette Elementary School,Very High,No
Seattle,Laurelhurst Elementary School,Low,Yes
Seattle,Lawton Elementary School,Very High,No
Seattle,Leschi Elementary School,Low,Yes
Seattle,Lincoln High School,Low,Yes
Seattle,Louisa Boren (STEM),Low,Yes
Seattle,Lowell Elementary School,Low,Yes
Seattle,Loyal Heights Elementary School,Low,Yes
Seattle,Loyal Heights Elementary School,Low,No
Seattle,Madison Middle School,Moderate,Yes
Seattle,Madison Middle School,Moderate,No
Seattle,Madrona K-8 School,Low,Yes
Seattle,Madrona K-8 School,Low,No
Seattle,Magnolia Elementary School,Low,Yes
Seattle,Magnolia Elementary School,Low,No
Seattle,Mann (Nova) High School,Low,Yes
Seattle,Mann (Nova) High School,Low,No
Seattle,Maple Elementary School,Low,Yes
Seattle,Martin Luther King Elementary School,Low,No
Seattle,McClure Middle School,Low,Yes
Seattle,McDonald Int'l Elementary School,High,No
Seattle,McDonald Int'l Elementary School,High,Yes
Seattle,McGilvra Elementary School,Low,No
Seattle,McGilvra Elementary School,Low,Yes
Seattle,Meany Middle School,Low,Yes
Seattle,Mercer Int'l Middle School,Very High,No
Seattle,Monroe (Salmon Bay K-8),Low,Yes
Seattle,Montlake Elementary School,Very High,No
Seattle,Nathan Hale High School,,Yes
Seattle,Nathan Hale High School,,No
Seattle,North Beach Elementary School,Low,Yes
Seattle,North Queen Anne Elementary School (CCCP),Low,Yes
Seattle,Northgate Elementary School,Low,No
Seattle,Olympic Hills Elementary School,Low,No
Seattle,Olympic View Elementary School,High,No
Seattle,Queen Anne Elementary School,Low,Yes
Seattle,Queen Anne Elementary School,Low,No
Seattle,Queen Anne Gym,Very High,No
Seattle,Rainier Beach High School,Very High,No
Seattle,Rainier Beach High School,Very High,Yes
Seattle,Rainier View Elementary School,Low,Yes
Seattle,Rising Star Elementary School,Moderate,No
Seattle,Robert Eagle Staff Middle School,Low,No
Seattle,Roosevelt High School,Low,Yes
Seattle,Roosevelt High School,Low,No
Seattle,Roxhill Elementary (at former Hughes ES),Low,Yes
Seattle,Sacajawea Elementary School,Low,Yes
Seattle,Sand Point Elementary School,Low,Yes
Seattle,Sanislo Elementary School,Very High,No
Seattle,Schmitz Park (Temp old Genesee Hill ES),Very High,No
Seattle,Seattle World School,Low,Yes
Seattle,Seattle World School,Low,No
Seattle,Seward (TOPS) K-8 School,Moderate,Yes
Seattle,Seward (TOPS) K-8 School,Moderate,No
Seattle,South Shore K-8 School,Low,No
Seattle,Stevens Elementary School,,No
Seattle,Stevens Elementary School,,Yes
Seattle,SW Interagency Academy (at former Roxhill ES),Very High,No
Seattle,Thornton Creek School,Low,No
Seattle,Thurgood Marshall (Colman) Elementary School,,No
Seattle,Van Asselt (Old) Elementary School,Low,Yes
Seattle,View Ridge Elementary School,Low,Yes
Seattle,Viewlands Elementary School,Low,No
Seattle,Washington Middle School,Very High,No
Seattle,Wedgwood Elementary School,Very High,No
Seattle,West Seattle Elementary School,Moderate,Yes
Seattle,West Seattle Elementary School,Moderate,No
Seattle,West Seattle High School,Low,Yes
Seattle,West Seattle High School,Low,No
Seattle,West Woodland Elementary School,Moderate,No
Seattle,Whitman Middle School,Low,Yes
Seattle,Whittier Elementary School,Low,No
Seattle,Whitworth (Orca K-8),High,Yes
Seattle,Whitworth (Orca K-8),High,No
Seattle,Wing Luke Elementary (New),,No
Sedro-Woolley,Big Lake Elementary School,,No
Sedro-Woolley,Cascade Middle School,,No
Sedro-Woolley,Central Elementary School,,No
Sedro-Woolley,Clear Lake Elementary School,,No
Sedro-Woolley,Evergreen Elementary School,,No
Sedro-Woolley,Lyman Elementary School,,No
Sedro-Woolley,Mary Purcell Elementary School,,No
Sedro-Woolley,Samish Elementary School,,No
Sedro-Woolley,Sedro Woolley Senior High School,,No
Sedro-Woolley,State Street High School,,No
Selah,John Campbell Primary School,,No
Selah,Lince - Campus,,No
Selah,Lince Kindergarten,,No
Selah,Selah High School,,No
Selah,Selah Intermediate School,,No
Selah,Selah Middle School,,No
Selkirk,Selkirk Elementary School,,No
Selkirk,Selkirk Junior Senior High School,,No
Sequim,Greywolf Elementary School,,No
Sequim,Helen Haller Elementary School,,No
Sequim,Sequim Community School,,No
Sequim,Sequim Middle School,,No
Sequim,Sequim Senior High School,,No
Shaw Island,Shaw Island School,High,No
Shelton,Bordeaux Elementary School,Very High,No
Shelton,CHOICE Alternative School,,No
Shelton,Evergreen Elementary School,High,No
Shelton,Mountain View Elementary,Very High,No
Shelton,Oakland Bay Junior High School,,No
Shelton,Olympic Middle School,Moderate,No
Shelton,Shelton High School,Very High,No
Shoreline,Albert Einstein Middle School (old),Very High,No
Shoreline,Aldercrest Campus - CK-8 Program & HEE Program,Very High,No
Shoreline,Briarcrest Elementary,,No
Shoreline,Brookside Elementary,Very High,No
Shoreline,Echo Lake Elementary School,Very High,No
Shoreline,Highland Terrace Elementary,Very High,No
Shoreline,Kellogg Middle School (old),Very High,No
Shoreline,Lake Forest Park Elementary,Very High,No
Shoreline,Melvin G Syre Elementary,High,No
Shoreline,Meridian Park Elementary,,No
Shoreline,North City Elementary,,No
Shoreline,Parkwood Elementary (new),,No
Shoreline,Ridgecrest Elementary,High,No
Shoreline,Shorecrest High School,Very High,No
Shoreline,Shorewood High School,,No
Skamania,Skamania Elementary School,,No
Skykomish,Skykomish School,Very High,No
Snohomish,AIM High School & Middle School (Parent Partnership Program / Transitions),High,No
Snohomish,Cascade View Elementary School,Moderate,No
Snohomish,Cathcart Elementary School,Very High,No
Snohomish,Centennial Middle School,,No
Snohomish,Central Elementary School,,No
Snohomish,Dutch Hill Elementary School,High,No
Snohomish,Emerson Elementary School,Very High,No
Snohomish,Glacier Peak High School,,No
Snohomish,Little Cedars Elementary School,,No
Snohomish,Machias Elementary School,,No
Snohomish,Riverview Elementary School,,No
Snohomish,Seattle Hill Elementary School,High,No
Snohomish,Snohomish High School,,No
Snohomish,Totem Falls Elementary School,Moderate,No
Snohomish,Valley View Middle School,Moderate,No
Snoqualmie Valley,Cascade View Elementary School,Low,No
Snoqualmie Valley,Chief Kanim Middle School,Low,No
Snoqualmie Valley,Edwin R. Opstad Elementary School,Low,No
Snoqualmie Valley,Fall City Elementary School,Very High,No
Snoqualmie Valley,Mount Si High School (new),Low,No
Snoqualmie Valley,North Bend Elementary School,High,No
Snoqualmie Valley,Snoqualmie Elementary School,Low,No
Snoqualmie Valley,Snoqualmie Middle School,Low,No
Snoqualmie Valley,Timber Ridge Elementary School,Low,No
Snoqualmie Valley,Twin Falls Middle School,Low,No
Soap Lake,Rise Academy Alternative High School,,No
Soap Lake,Soap Lake Elementary School,,No
Soap Lake,Soap Lake Middle and High School,,No
South Bend,Chauncey Davis Elementary School (old),,No
South Bend,South Bend Jr/Sr High School,Very High,No
South Kitsap,Burley Glenwood Elementary School,,No
South Kitsap,Cedar Heights Junior High School,,No
South Kitsap,East Port Orchard Elementary School,,No
South Kitsap,Hidden Creek Elementary School,,No
South Kitsap,John Sedgwick Junior High School,,No
South Kitsap,Madrona Heights School,,No
South Kitsap,Manchester Elementary School,,No
South Kitsap,Marcus Whitman Junior High School,,No
South Kitsap,Mullenix Ridge Elementary School,,No
South Kitsap,Olalla Elementary School,,No
South Kitsap,Orchard Heights Elementary School,,No
South Kitsap,Sidney Glen Elementary School,,No
South Kitsap,South Colby Elementary School,,No
South Kitsap,South Kitsap High School,,No
South Kitsap,Sunnyslope Elementary School,,No
South Whidbey,Langley Middle School,Very High,No
South Whidbey,Old Bayview School,,No
South Whidbey,South Whidbey Grades 5 & 6 - (Formerly S. Whid. Primary),Very High,No
South Whidbey,South Whidbey Grades 5 & 6 - (Formerly S. Whid. Primary),Very High,Yes
South Whidbey,South Whidbey Grades K-4,,No
South Whidbey,South Whidbey High School/Middle School Campus,Very High,No
Southside,Southside Elementary School,,No
Spokane,Adams Elementary School,Low,No
Spokane,Annex at North Central,,No
Spokane,Arlington Elementary School,,No
Spokane,Audubon Elementary School,,No
Spokane,Balboa Elementary School,,No
Spokane,Bancroft (The Community School),,No
Spokane,Bemiss Elementary School,,No
Spokane,Browne Elementary School,,No
Spokane,Bryant,Low,No
Spokane,Chase Middle School,,No
Spokane,Cooper Elementary School,,No
Spokane,Ferris High School,,No
Spokane,Finch Elementary School,,No
Spokane,Franklin Elementary School,,No
Spokane,Garfield Elementary School,,No
Spokane,Garry Middle School,,No
Spokane,Glover Middle,,No
Spokane,Grant Elementary School,,No
Spokane,Hamblen Elementary School,,No
Spokane,Havermale (Montessori),,No
Spokane,Holmes Elementary School,,No
Spokane,Hutton Elementary School,,No
Spokane,Indian Trail Elementary School,,No
Spokane,Jefferson Elementary School (new),,No
Spokane,Jefferson Elementary School (old),,No
Spokane,Lewis and Clark High School,,No
Spokane,Libby Center,,No
Spokane,Lidgerwood Elementary School,,No
Spokane,Lincoln Heights Elementary School,,No
Spokane,Linwood Elementary ,,No
Spokane,Logan Elementary School,,No
Spokane,Longfellow Elementary School,,No
Spokane,Madison Elementary School,,No
Spokane,Moran Prairie Elementary School,,No
Spokane,Mullan Road Elementary School,,No
Spokane,North Central High School,,No
Spokane,Pratt (Eagle Peak),,No
Spokane,Regal Elementary School,,No
Spokane,Ridgeview Elementary School,,No
Spokane,Rogers High School,,No
Spokane,Roosevelt Elementary School,,No
Spokane,Sacajawea Middle School ,,No
Spokane,Salk Middle School (new),,No
Spokane,Scott Elementary School,,No
Spokane,Shadle Park High School,,No
Spokane,Stevens Elementary School,,No
Spokane,Westview Elementary School,,No
Spokane,Whitman Elementary School,,No
Spokane,Willard Elementary School,,No
Spokane,Wilson Elementary School,,No
Spokane,Woodridge Elementary School,,No
Sprague,Sprague K-12 School,,No
St. John,St John-Endicott PK-12,,No
Stanwood-Camano,Alternative Learning Center (ALC) ,,No
Stanwood-Camano,Cedarhome Elementary School,Low,No
Stanwood-Camano,Elger Bay Elementary School,Low,No
Stanwood-Camano,Port Susan Middle School,,No
Stanwood-Camano,Stanwood Elementary School,Very High,No
Stanwood-Camano,Stanwood High ,,No
Stanwood-Camano,Stanwood Middle School,Very High,No
Stanwood-Camano,Twin City Elementary School,Moderate,No
Stanwood-Camano,Utsalady Elementary School,,No
Star,Star Elementary School,,No
Starbuck,Starbuck School,,No
Stehekin,Stehekin Elementary School,,No
Steilacoom Hist.,Anderson Island Elementary School,High,No
Steilacoom Hist.,Cherrydale Primary School,Very High,Yes
Steilacoom Hist.,Cherrydale Primary School,Very High,No
Steilacoom Hist.,Chloe Clark Elementary School,,No
Steilacoom Hist.,Pioneer Middle School,,No
Steilacoom Hist.,Saltars Point Elementary School,Low,No
Steilacoom Hist.,Steilacoom High School,,No
Steilacoom Hist.,Steilacoom High School,,Yes
Steptoe,Steptoe Elementary School,,No
Stevenson-Carson,Carson Elementary School,,No
Stevenson-Carson,Stevenson Elementary School,,No
Stevenson-Carson,Stevenson High School,,No
Stevenson-Carson,Wind River Education Center,,No
Sultan,Gold Bar Elementary School,Low,No
Sultan,Sultan Elementary School,Very High,No
Sultan,Sultan Middle School,Very High,No
Sultan,Sultan Senior High School,Moderate,No
Summit Valley,Summit Valley School,,No
Sumner-Bonney Lake,Bonney Lake Elementary School,High,Yes
Sumner-Bonney Lake,Bonney Lake Elementary School,High,No
Sumner-Bonney Lake,Bonney Lake High School,,No
Sumner-Bonney Lake,Crestwood Elementary School,Low,No
Sumner-Bonney Lake,Daffodil Valley Elementary School,Low,No
Sumner-Bonney Lake,Eismann Elementary School,,No
Sumner-Bonney Lake,Lakeridge Middle School,,No
Sumner-Bonney Lake,Liberty Ridge Elementary School,Moderate,No
Sumner-Bonney Lake,Maple Lawn Elementary School,Very High,No
Sumner-Bonney Lake,Mountain View Middle School,Low,No
Sumner-Bonney Lake,Sumner High School,Very High,No
Sumner-Bonney Lake,Sumner Middle School,,No
Sumner-Bonney Lake,Victor Falls Elementary School,High,No
Sunnyside,Chief Kamiakin Elementary School,,No
Sunnyside,Harrison Middle School,,No
Sunnyside,Outlook Elementary School,Moderate,No
Sunnyside,Pioneer Elementary School,,No
Sunnyside,Sierra Vista Middle School,,No
Sunnyside,Sun Valley Elementary School,,No
Sunnyside,Sunnyside High School,,No
Sunnyside,Washington Elementary School,,No
Suquamish,Suquamish Tribal Education Department,,No
Tacoma,Angelo Giaudrone Middle School,,No
Tacoma,Arlington Elementary School,,No
Tacoma,Baker Middle School,,No
Tacoma,Birney Elementary School,,No
Tacoma,Blix Elementary School,,No
Tacoma,Boze Elementary School,,No
Tacoma,Browns Point Elementary School,,No
Tacoma,Bryant Montessori School,,No
Tacoma,Crescent Heights Elementary School,,No
Tacoma,DeLong Elementary School,,No
Tacoma,Downing Elementary School,,No
Tacoma,Edison Elementary School,,No
Tacoma,Fawcett Elementary School,,No
Tacoma,Fern Hill Elementary School,,No
Tacoma,First Creek Middle School,,No
Tacoma,Foss High School,,No
Tacoma,Franklin Elementary School,,No
Tacoma,Geiger Montessori School,,No
Tacoma,Grant Elementary School,,No
Tacoma,Gray Middle School,,No
Tacoma,Hilltop Heritage Middle School,,No
Tacoma,Hoyt Elementary,,No
Tacoma,Hunt Middle School,Low,No
Tacoma,Jefferson Elementary School,,No
Tacoma,Larchmont Elementary School,,No
Tacoma,Lincoln High School,,No
Tacoma,Lister Elementary School,,No
Tacoma,Lowell Elementary School,,No
Tacoma,Lyon Elementary School,,No
Tacoma,Madison Headstart,,No
Tacoma,Manitou Park Elementary School,,No
Tacoma,Mann Elementary School,,No
Tacoma,Mason Middle School,,No
Tacoma,McCarver Elementary School,,No
Tacoma,McKinley Elementary School,,No
Tacoma,Meeker Middle School,,No
Tacoma,Mount Tahoma High School,,No
Tacoma,Northeast Tacoma Elementary School,,No
Tacoma,Oakland High School,,No
Tacoma,Park Avenue Center,,No
Tacoma,Point Defiance Elementary School,,No
Tacoma,Reed Elementary School,,No
Tacoma,Roosevelt Elementary School,,No
Tacoma,Round Building,,No
Tacoma,Science and Math Institute (SAMI),,No
Tacoma,Sheridan Elementary School,,No
Tacoma,Sherman Elementary School,,No
Tacoma,Silas High School,,No
Tacoma,Skyline Elementary School,,No
Tacoma,Stadium High School,,No
Tacoma,Stafford Elementary School,,No
Tacoma,Stanley Elementary School,,No
Tacoma,Stewart Middle School,,No
Tacoma,Tacoma School of the Arts-Pacific,Very High,No
Tacoma,Tacoma School of the Arts-Ted Brown,,No
Tacoma,Truman Middle School,Very High,No
Tacoma,Wainwright Elementary School,,No
Tacoma,Washington Elementary School,,No
Tacoma,Whitman Elementary School,,No
Tacoma,Whittier Elementary School,,No
Tacoma,Willard Early Learning Center,,No
Tacoma,Willie Stewart Academy,Very High,No
Taholah,Taholah School,,No
Tahoma,Cedar River Elementary School,,No
Tahoma,Glacier Park Elementary School,,No
Tahoma,Lake Wilderness Elementary,,No
Tahoma,Maple View Middle School,,No
Tahoma,Rock Creek Elementary School,,No
Tahoma,Shadow Lake Elementary School,,No
Tahoma,Summit Trail Middle School,,No
Tahoma,Tahoma Elementary School (Formerly Tahoma JHS and Tahoma MS),,No
Tahoma,Tahoma High and Regional Learning Center,,No
Tekoa,Tekoa Elementary School,,No
Tekoa,Tekoa High School,,No
Tenino,Parkside Elementary School,,No
Tenino,Tenino Elementary School,,No
Tenino,Tenino High School,,No
Tenino,Tenino Middle School,,No
Thorp,Thorp Elementary and Junior Senior High School,,No
Toledo,Cowlitz Prairie Academy,High,No
Toledo,Toledo Elementary School,,No
Toledo,Toledo High School,,No
Toledo,Toledo Middle School,Very High,No
Tonasket,Tonasket Elementary School,Low,No
Tonasket,Tonasket Middle-High School,,No
Toppenish,Garfield Elementary School,Moderate,No
Toppenish,Kirkwood Elementary School,High,No
Toppenish,Lincoln Elementary School,Moderate,No
Toppenish,Toppenish High School,High,No
Toppenish,Toppenish Middle School,High,No
Toppenish,Valley View Elementary School,Moderate,No
Touchet,Touchet Elementary and High School,,No
Toutle Lake,Toutle Lake Schools,,No
Trout Lake,Trout Lake School,,No
Tukwila,Cascade View Elementary School,,No
Tukwila,Foster Senior High School,,No
Tukwila,Showalter Middle School,,No
Tukwila,Thorndyke Elementary School,,No
Tukwila,Tukwila Elementary School,,No
Tumwater,A G West Black Hills High School,High,No
Tumwater,Black Lake Elementary School,Moderate,No
Tumwater,Cascadia High School,Low,No
Tumwater,East Olympia Elementary School,,No
Tumwater,George Bush Middle School,Low,No
Tumwater,Littlerock Elementary School,Moderate,No
Tumwater,Michael T. Simmons Elementary School,Moderate,No
Tumwater,Peter G. Schmidt Elementary School,Moderate,No
Tumwater,Tumwater High School,Very High,No
Tumwater,Tumwater Hill Elementary School,Moderate,No
Tumwater,Tumwater Middle School,Very High,No
Union Gap,Union Gap School,,No
University Place,Chambers Elementary School,,No
University Place,Curtis Junior High School,,No
University Place,Curtis Senior High School,,No
University Place,Drum Intermediate,,No
University Place,Evergreen Primary School,,No
University Place,Narrows View Intermediate School,,No
University Place,Sunset Primary School,,No
University Place,University Place Primary School,,No
Valley,Valley K8 Addition  (Phase 3),,No
Valley,Valley School,,No
Vancouver,Alki Middle School,,No
Vancouver,Benjamin Franklin Elementary School,,No
Vancouver,Chinook Elementary School,,No
Vancouver,Columbia River High School,,No
Vancouver,Discovery Middle School,,No
Vancouver,Dwight D. Eisenhower Elementary School,,No
Vancouver,Felida Elementary School,,No
Vancouver,Fir Grove Childrens Center,,No
Vancouver,Fort Vancouver High School,,No
Vancouver,Fruit Valley Elementary School,,No
Vancouver,Gaiser Middle School,,No
Vancouver,GATE Program,,No
Vancouver,George C. Marshall Elementary School,,No
Vancouver,Harney Elementary School,,No
Vancouver,Harry S. Truman Elementary School (old),,No
Vancouver,Hazel Dell Elementary School,,No
Vancouver,Hough Elementary School,,No
Vancouver,Hudson's Bay High School,,No
Vancouver,Jason Lee Middle School,,No
Vancouver,Lake Shore Elementary School,,No
Vancouver,Lewis and Clark High School,,No
Vancouver,Lieser Campus,,No
Vancouver,Lincoln Elementary School,,No
Vancouver,Martin Luther King Jr. Elementary School (old),,No
Vancouver,McLoughlin Middle School,,No
Vancouver,Minnehaha Elementary School,,No
Vancouver,Peter S. Ogden Elementary School,,No
Vancouver,Roosevelt Elementary School,,No
Vancouver,Sacajawea Elementary School,,No
Vancouver,Salmon Creek Elementary School,,No
Vancouver,Sarah J. Anderson Elementary School,,No
Vancouver,Skyview High School,,No
Vancouver,Thomas Jefferson Middle School,,No
Vancouver,Vancouver School of Arts and Academics,,No
Vancouver,Walnut Grove Elementary School,,No
Vancouver,Washington Elementary School,,No
Vashon Island,Chautauqua Elementary School,,No
Vashon Island,McMurray Middle School,,No
Vashon Island,Vashon Island High School,Very High,No
Wa He Lut,Wa He Lut Campus,,No
Wahkiakum,Julius A. Wendt Elementary/John C. Thomas Middle School,,Yes
Wahkiakum,Julius A. Wendt Elementary/John C. Thomas Middle School,,No
Wahkiakum,Wahkiakum High School,,No
Wahluke,Mattawa Elementary School,,No
Wahluke,Morris Schott Elementary School,,No
Wahluke,Saddle Mountain Elementary School,,No
Wahluke,Wahluke High School,,No
Wahluke,Wahluke Junior High School,,No
Waitsburg,Preston Hall Middle School,,No
Waitsburg,Waitsburg Elementary School,,No
Waitsburg,Waitsburg High School,,No
Walla Walla,Berney Elementary School,,No
Walla Walla,Blue Ridge Elementary School,,No
Walla Walla,Edison Elementary School,,No
Walla Walla,Garrison Middle School,,No
Walla Walla,Green Park Elementary School,,No
Walla Walla,Lincoln High School,,No
Walla Walla,Pioneer Middle School,,No
Walla Walla,Prospect Point Elementary School,,No
Walla Walla,Sharpstein Elementary School,,No
Walla Walla,Walla Walla High School,,No
Wapato,Adams Elementary School,,No
Wapato,Camas Elementary School,,No
Wapato,Pace Alternative High School,,No
Wapato,Satus Elementary School,,No
Wapato,Wapato High School,,No
Wapato,Wapato Middle School,,No
Warden,Middle / High School,,No
Warden,Warden Elementary,,No
Washougal,Cape Horn-Skye ES/Canyon Creek MS,,No
Washougal,Gause Elementary School,,No
Washougal,Hathaway Elementary School,,No
Washougal,Jemtegaard MS / Columbia River Gorge ES,,No
Washougal,Washougal High School,,No
Washtucna,Washtucna Elementary High School,,No
Waterville,Waterville K12 Campus,Moderate,No
Wellpinit,Wellpinit Elementary School,,No
Wellpinit,Wellpinit High School/Middle School,,No
Wenatchee,Abraham Lincoln Elementary School,,No
Wenatchee,Columbia Elementary School,Moderate,No
Wenatchee,Foothills Middle School,Moderate,No
Wenatchee,John Newbery Elementary School,,No
Wenatchee,Lewis and Clark Elementary School,Moderate,No
Wenatchee,Mission View Elementary School,Low,No
Wenatchee,Orchard Middle School,,No
Wenatchee,Orchard Middle School,,Yes
Wenatchee,Pioneer Middle School,,No
Wenatchee,Pioneer Middle School,,Yes
Wenatchee,Special Education School,High,No
Wenatchee,Sunnyslope Elementary School,Low,No
Wenatchee,Sunnyslope Elementary School,Low,Yes
Wenatchee,Valley Academy Of Learning,High,No
Wenatchee,Washington Elementary School (new),,No
Wenatchee,Wenatchee High School,High,No
Wenatchee,Westside Alternative High School,,No
Wenatchee,Westside Alternative High School,,Yes
West Valley (Spokane),Centennial Middle School,,No
West Valley (Spokane),City School,,No
West Valley (Spokane),Millwood Kindergarten Center,,No
West Valley (Spokane),Ness Elementary School,,No
West Valley (Spokane),Orchard Center Elementary School,,No
West Valley (Spokane),Pasadena Park Elementary School,,No
West Valley (Spokane),Seth Woodard Elementary School,,No
West Valley (Spokane),Spokane Valley High School,,No
West Valley (Spokane),West Valley High School,,No
West Valley (Yakima),Ahtanum Valley Elementary School,,No
West Valley (Yakima),Apple Valley Elementary (new),,No
West Valley (Yakima),Cottonwood Elementary School,,No
West Valley (Yakima),Mountainview Elementary School,,No
West Valley (Yakima),Summitview Elementary (new),,No
West Valley (Yakima),West Valley High School,,No
West Valley (Yakima),West Valley High School Freshman Campus,,No
West Valley (Yakima),West Valley Junior High School,,No
West Valley (Yakima),West Valley Middle School,,No
West Valley (Yakima),Wide Hollow Elementary School,,No
White Pass,Packwood Elementary School,,No
White Pass,White Pass Elementary School,,No
White Pass,White Pass Junior Senior High School,,No
White River,Elk Ridge Elementary School,,No
White River,Foothills Elementary School,,No
White River,Glacier Middle School,,No
White River,Mountain Meadow Elementary School,,No
White River,White River Early Learning Center,,No
White River,White River High School,,No
White River,Wickersham Elementary School,,No
White River,Wilkeson Elementary School,,No
White Salmon Valley,Columbia High School,,No
White Salmon Valley,Hulan L. Whitson Elementary School,High,No
White Salmon Valley,Stevenson Intermediate School,Moderate,No
White Salmon Valley,Wayne M. Henkle Middle School,High,No
Wilbur,Wilbur Public School,,No
Willapa Valley,Willapa Elementary School,,No
Willapa Valley,Willapa Valley Middle High School,,No
Wilson Creek,Wilson Creek K-12,Moderate,No
Winlock,Winlock Middle-High School,,No
Winlock,Winlock Miller Elementary School,,No
Wishkah Valley,Wishkah Valley Elementary High School,,No
Wishram,Wishram High And Elementary School,,No
Woodland,Columbia Elementary School,,No
Woodland,North Fork Elementary School,Low,No
Woodland,Woodland High School (new),,No
Woodland,Woodland Middle School (old HS),High,No
Woodland,Yale Elementary School,Very High,No
Yakama Nation,Yakama Nation Tribal School,,No
Yakima,Adams Elementary School,Moderate,No
Yakima,Barge Lincoln Elementary School,Moderate,No
Yakima,Davis High School,,No
Yakima,Discovery Lab School,Moderate,No
Yakima,Eisenhower High School,,No
Yakima,Franklin Middle School,Low,No
Yakima,Garfield Elementary School,Moderate,No
Yakima,Gilbert Elementary School,Moderate,No
Yakima,Hoover Elementary School,,No
Yakima,Lewis and Clark Middle School,Moderate,No
Yakima,Martin Luther King Junior Elementary School,Moderate,No
Yakima,McClure Elementary School,High,No
Yakima,McKinley Elementary School,Moderate,No
Yakima,Nob Hill Elementary School,High,No
Yakima,Ridgeview Elementary School,Moderate,No
Yakima,Robertson Elementary School,Moderate,No
Yakima,Roosevelt Elementary School,Moderate,No
Yakima,Stanton Academy,Low,No
Yakima,Washington Middle School,Low,No
Yakima,Whitney Elementary School,Moderate,No
Yakima,Wilson Middle School,High,No
Yelm,District Office and Yelm Extension School,Low,No
Yelm,Fort Stevens Elementary School,,No
Yelm,Lackamas Elementary School,Very High,No
Yelm,McKenna Elementary School,Low,No
Yelm,Mill Pond Elementary School,Low,No
Yelm,Prairie Elementary School,,No
Yelm,Ridgeline Middle School,Low,No
Yelm,Southworth Elementary School,Very High,No
Yelm,Yelm High School,,No
Yelm,Yelm Middle School,High,No
Zillah,Hilton Elementary School,,No
Zillah,Zillah High School,,No
Zillah,Zillah Intermediate School,,No
Zillah,Zillah Middle School,,No
